Timestep	J_x	J_y	J_z	Jconv_x	Jconv_y	Jconv_z	Jcond_x	Jcond_y	Jcond_z
0	75.45210308	2.96108E-05	-6.29172E-05	61.8975317	2.47754E-05	-5.88689E-05	13.55457138	4.83541E-06	-4.04832E-06
1	77.18146098	-4.26958E-05	1.31381E-05	62.54391698	-4.21927E-05	1.64648E-05	14.637544	-5.03149E-07	-3.32675E-06
2	79.11629416	-3.77711E-05	2.07109E-06	63.29721643	-3.69116E-05	-3.04263E-06	15.81907773	-8.59459E-07	5.11372E-06
3	81.24070481	-4.44911E-05	-1.89239E-06	64.14243798	-5.18844E-05	-2.28639E-06	17.09826683	7.39325E-06	3.94E-07
4	83.53514422	-3.67296E-06	2.36882E-05	65.06615996	-1.51919E-06	2.49422E-05	18.46898426	-2.15377E-06	-1.25399E-06
5	85.97279172	1.21392E-05	-3.82095E-06	66.05272988	1.63026E-05	-1.80396E-06	19.92006185	-4.16334E-06	-2.01699E-06
6	88.52133185	-4.76552E-05	-2.43843E-06	67.08575796	-4.93453E-05	-3.34959E-06	21.43557389	1.69013E-06	9.1116E-07
7	91.14258872	-1.29788E-05	1.06999E-05	68.14699758	-5.88986E-06	1.50652E-05	22.99559115	-7.08897E-06	-4.36537E-06
8	93.79600548	6.04547E-06	-3.467E-05	69.219417	4.67604E-06	-3.41573E-05	24.57658849	1.36943E-06	-5.1274E-07
9	96.43637458	-1.06299E-05	-2.29154E-05	70.28346608	-7.00795E-06	-1.88483E-05	26.15290851	-3.62196E-06	-4.06716E-06
10	99.0172235	-3.83724E-06	-3.50924E-05	71.32020402	-7.05119E-06	-3.08584E-05	27.69701948	3.21395E-06	-4.23396E-06
11	101.490964	-1.61005E-05	-3.29779E-05	72.31003704	-1.59994E-05	-2.99058E-05	29.18092693	-1.01086E-07	-3.07208E-06
12	103.8110695	2.39437E-05	-6.24924E-06	73.23368639	2.40705E-05	-6.73925E-06	30.57738309	-1.26802E-07	4.90012E-07
13	105.9325425	-4.17256E-06	-1.67265E-05	74.07212655	-2.40992E-06	-2.39062E-05	31.860416	-1.76264E-06	7.1797E-06
14	107.811647	-3.55074E-05	-2.61264E-05	74.80548911	-3.32406E-05	-2.74459E-05	33.00615792	-2.26685E-06	1.31952E-06
15	109.4099164	-7.42229E-05	6.55111E-06	75.41602026	-6.81303E-05	2.55782E-06	33.99389612	-6.09258E-06	3.99329E-06
16	110.6917701	4.34664E-05	1.91085E-05	75.88557033	4.19924E-05	2.33823E-05	34.80619975	1.47396E-06	-4.27384E-06
17	111.6284121	4.41033E-06	-5.27184E-07	76.19838291	8.8669E-06	-2.11936E-06	35.43002914	-4.45657E-06	1.59218E-06
18	112.1948671	1.55552E-06	-8.35267E-06	76.33888719	4.78418E-06	-8.62939E-06	35.85597994	-3.22865E-06	2.76722E-07
19	112.3718109	7.5293E-05	-2.17738E-06	76.29239083	6.32893E-05	-2.85199E-06	36.07942007	1.20037E-05	6.74612E-07
20	112.1461624	-3.72846E-06	6.28869E-06	76.04645087	-3.68435E-06	5.78492E-06	36.09971158	-4.41101E-08	5.03765E-07
21	111.5115139	1.06834E-06	-8.06906E-05	75.59162688	1.08168E-05	-7.95781E-05	35.91988704	-9.74848E-06	-1.1125E-06
22	110.4650136	4.79958E-05	-8.13142E-05	74.91795529	4.89798E-05	-6.96484E-05	35.54705835	-9.83999E-07	-1.16658E-05
23	109.0085718	2.78301E-05	-1.56646E-05	74.0172586	1.95184E-05	-1.00632E-05	34.99131323	8.31171E-06	-5.60139E-06
24	107.15196	8.61378E-05	1.32263E-05	72.88660928	9.38162E-05	8.57819E-06	34.26535069	-7.6784E-06	4.64815E-06
25	104.9047031	4.61214E-05	-9.42666E-06	71.52066514	4.26363E-05	-1.12561E-05	33.38403796	3.48507E-06	1.8294E-06
26	102.2832318	-6.53542E-05	-5.00133E-06	69.91925189	-6.93019E-05	-4.74013E-06	32.36397991	3.94769E-06	-2.61195E-07
27	99.30538941	-5.56448E-06	5.19575E-05	68.0826875	-2.06932E-06	4.92901E-05	31.22270191	-3.49516E-06	2.66739E-06
28	95.99168776	-4.28119E-05	3.7786E-06	66.01328731	-3.93033E-05	4.34319E-06	29.97840045	-3.50858E-06	-5.64586E-07
29	92.36607825	-3.18254E-05	2.15828E-07	63.71676453	-2.99506E-05	5.08536E-06	28.64931373	-1.8748E-06	-4.86954E-06
30	88.45251572	-8.26716E-05	-6.67597E-05	61.19901072	-8.86472E-05	-6.16878E-05	27.253505	5.97566E-06	-5.0719E-06
31	84.27707114	-1.91355E-05	-6.99562E-06	58.46859442	-1.88034E-05	-7.14483E-06	25.80847672	-3.32113E-07	1.49215E-07
32	79.86768541	4.51385E-05	2.39675E-05	55.53696899	4.25559E-05	2.84143E-05	24.33071641	2.58262E-06	-4.44676E-06
33	75.25123149	3.94059E-05	-1.12929E-05	52.41500057	2.8639E-05	-9.19101E-06	22.83623092	1.07669E-05	-2.10193E-06
34	70.45762667	7.07315E-05	2.84853E-06	49.1180221	6.58524E-05	-3.52932E-08	21.33960457	4.87906E-06	2.88382E-06
35	65.51563908	-1.07446E-06	-2.6672E-05	45.66118436	-1.08173E-06	-2.31335E-05	19.85445472	7.2718E-09	-3.53846E-06
36	60.45536471	-7.74555E-05	5.12088E-06	42.06219712	-7.5675E-05	5.89907E-06	18.39316759	-1.78047E-06	-7.78196E-07
37	55.30821798	-1.3959E-05	3.59567E-06	38.34070527	-1.4855E-05	2.83091E-06	16.96751271	8.96037E-07	7.64759E-07
38	50.10551147	-1.11637E-06	1.28024E-06	34.51773163	2.51323E-07	2.24553E-06	15.58777985	-1.36769E-06	-9.65292E-07
39	44.87772566	-5.25571E-06	2.06364E-05	30.61382785	-2.43577E-06	1.70207E-05	14.26389781	-2.81994E-06	3.61576E-06
40	39.65855724	-2.81242E-06	1.57687E-06	26.65427476	-4.53449E-06	2.58392E-06	13.00428247	1.72208E-06	-1.00705E-06
41	34.47898578	-4.85758E-05	1.00085E-05	22.66173447	-4.56633E-05	1.10837E-05	11.81725131	-2.91247E-06	-1.07524E-06
42	29.37189183	5.02939E-06	7.84777E-06	18.66234943	7.47904E-06	1.20319E-05	10.7095424	-2.44965E-06	-4.18416E-06
43	24.37047611	5.5447E-05	1.22218E-05	14.68285068	5.66762E-05	1.156E-05	9.68762543	-1.22923E-06	6.61819E-07
44	19.50609636	1.58084E-06	3.61618E-05	10.74927267	-6.35426E-06	3.88904E-05	8.756823687	7.9351E-06	-2.72859E-06
45	14.81094827	-8.82374E-06	2.30125E-05	6.889531032	-1.12408E-05	1.8176E-05	7.921417237	2.41706E-06	4.83649E-06
46	10.31520387	5.72742E-05	2.35167E-06	3.13047687	5.56965E-05	1.90849E-06	7.184726998	1.57771E-06	4.4318E-07
47	6.049378425	1.23514E-05	2.5834E-05	-0.498939311	7.40916E-06	2.92345E-05	6.548317736	4.94225E-06	-3.40053E-06
48	2.040247692	1.07571E-05	1.48966E-05	-3.972596913	1.00619E-05	1.00388E-05	6.012844605	6.9523E-07	4.85784E-06
49	-1.685799243	-4.717E-05	5.73027E-05	-7.262858449	-4.80603E-05	4.7394E-05	5.577059206	8.9028E-07	9.90871E-06
50	-5.106210033	4.15557E-05	-5.59138E-05	-10.34448458	4.23279E-05	-5.29685E-05	5.238274542	-7.72147E-07	-2.94531E-06
51	-8.197936545	2.34699E-05	3.00824E-05	-13.18986044	2.9226E-05	3.73121E-05	4.991923894	-5.75605E-06	-7.22973E-06
52	-10.94385188	7.25557E-06	-1.37069E-05	-15.77532941	5.02532E-06	-7.299E-06	4.831477532	2.23025E-06	-6.40793E-06
53	-13.32915326	-1.66207E-05	3.50414E-05	-18.07813537	-1.03445E-05	3.83692E-05	4.748982105	-6.27618E-06	-3.32777E-06
54	-15.34186672	-2.06874E-06	2.53896E-05	-20.07654054	-1.3738E-06	2.91937E-05	4.734673817	-6.94939E-07	-3.80417E-06
55	-16.97303081	6.37357E-07	2.29015E-05	-21.75013125	8.28131E-06	2.53907E-05	4.777100443	-7.64395E-06	-2.48915E-06
56	-18.21810353	5.22535E-05	5.24865E-06	-23.08181511	4.99606E-05	8.41743E-06	4.863711584	2.29288E-06	-3.16879E-06
57	-19.07416136	5.71262E-05	-3.37201E-05	-24.05500896	5.86685E-05	-3.23035E-05	4.9808476	-1.54236E-06	-1.41663E-06
58	-19.54247625	1.05163E-05	-2.91553E-05	-24.65656195	1.07565E-05	-3.28376E-05	5.114085699	-2.4011E-07	3.68224E-06
59	-19.62645279	-7.39748E-05	-7.38697E-05	-24.8746933	-7.97976E-05	-7.74834E-05	5.248240511	5.8228E-06	3.61369E-06
60	-19.33386722	-0.000125778	-2.86562E-05	-24.70242493	-0.000126254	-1.5793E-05	5.36855771	4.76198E-07	-1.28633E-05
61	-18.67216097	1.5882E-05	-9.90517E-07	-24.13210193	1.75978E-05	3.41683E-06	5.459940957	-1.71581E-06	-4.40734E-06
62	-17.65447452	5.52654E-07	-5.59518E-05	-23.16266914	-5.44948E-06	-5.97128E-05	5.508194624	6.00213E-06	3.76097E-06
63	-16.29297497	4.88777E-05	-5.6885E-05	-21.79262351	4.35419E-05	-5.19003E-05	5.499648537	5.33573E-06	-4.98469E-06
64	-14.60287246	-3.47732E-05	-2.4054E-05	-20.02477905	-3.12047E-05	-1.91156E-05	5.421906591	-3.56847E-06	-4.93839E-06
65	-12.60141528	-1.91954E-07	4.88955E-06	-17.86513222	1.07649E-06	3.46952E-06	5.263716938	-1.26845E-06	1.42003E-06
66	-10.3048766	5.79213E-06	-1.78683E-05	-15.31999746	7.95175E-06	-1.68832E-05	5.015120863	-2.15962E-06	-9.8512E-07
67	-7.733896595	-4.0306E-05	-2.42941E-06	-12.4018303	-4.47433E-05	1.6297E-06	4.667933703	4.43729E-06	-4.0591E-06
68	-4.907225717	-2.27615E-06	-2.57883E-05	-9.122889766	-1.26287E-05	-2.82298E-05	4.215664049	1.03526E-05	2.44148E-06
69	-1.844008077	-3.26192E-05	-2.5266E-05	-5.496892076	-2.45593E-05	-1.45172E-05	3.652883998	-8.05991E-06	-1.07488E-05
70	1.433788942	-4.92464E-05	-2.74673E-05	-1.542892979	-5.39222E-05	-4.00365E-05	2.976681921	4.67585E-06	1.25693E-05
71	4.906082084	-2.21086E-06	-3.37698E-05	2.721296711	-6.51093E-06	-3.60814E-05	2.184785373	4.30007E-06	2.31157E-06
72	8.55209688	-2.17927E-05	2.19952E-05	7.274669306	-1.89795E-05	1.73645E-05	1.277427574	-2.81326E-06	4.63068E-06
73	12.35110452	0.000116983	-3.91634E-05	12.09539077	0.000116751	-3.35844E-05	0.255713748	2.32068E-07	-5.57903E-06
74	16.28308188	-4.84016E-05	2.0414E-05	17.16078021	-4.3866E-05	2.48777E-05	-0.877698325	-4.53566E-06	-4.46373E-06
75	20.32781964	3.76594E-06	2.03861E-05	22.44598668	3.39158E-07	2.1026E-05	-2.118167033	3.42678E-06	-6.39989E-07
76	24.46763635	3.41655E-06	9.6225E-08	27.92798243	6.1139E-06	2.45566E-06	-3.460346083	-2.69736E-06	-2.35943E-06
77	28.68298649	5.38068E-06	1.5441E-06	33.5795257	7.18832E-06	1.21245E-06	-4.896539208	-1.80764E-06	3.3165E-07
78	32.95732132	-6.033E-06	-2.35436E-06	39.37541824	-4.51217E-06	-3.04263E-06	-6.418096917	-1.52083E-06	6.88264E-07
79	37.27520084	2.13099E-05	3.38463E-05	45.28976956	2.61127E-05	3.79813E-05	-8.014568725	-4.80284E-06	-4.135E-06
80	41.62256386	-3.45788E-05	-8.10239E-06	51.29632397	-3.77415E-05	-1.27496E-05	-9.673760111	3.16263E-06	4.64719E-06
81	45.98622443	7.11174E-05	7.82951E-06	57.36814455	7.83211E-05	8.54318E-06	-11.38192012	-7.20373E-06	-7.13677E-07
82	50.35606276	6.34345E-05	1.99999E-05	63.4794616	7.24796E-05	1.06725E-05	-13.12339885	-9.04506E-06	9.32733E-06
83	54.72231994	1.78056E-05	-2.01785E-06	69.60357339	2.11599E-05	1.18719E-06	-14.88125345	-3.35427E-06	-3.20504E-06
84	59.0787643	-1.85086E-05	-7.0482E-06	75.7153275	-1.78515E-05	-1.25502E-06	-16.63656321	-6.57159E-07	-5.79318E-06
85	63.41972452	-3.5741E-05	-3.79226E-05	81.78905523	-3.76579E-05	-3.81176E-05	-18.36933071	1.91684E-06	1.94991E-07
86	67.74186086	-2.79986E-05	-5.00294E-05	87.80040356	-3.00223E-05	-5.49285E-05	-20.0585427	2.0237E-06	4.8991E-06
87	72.04193852	1.56134E-05	-3.36832E-05	93.72402063	1.48884E-05	-3.01789E-05	-21.6820821	7.24962E-07	-3.50435E-06
88	76.31943676	-6.81449E-06	3.2503E-05	99.53739527	-7.06105E-06	2.97888E-05	-23.21795851	2.46558E-07	2.71418E-06
89	80.57411265	-2.91849E-05	2.98075E-05	105.2180115	-2.2598E-05	3.64014E-05	-24.64389889	-6.58693E-06	-6.59388E-06
90	84.80630943	2.23354E-05	-2.42989E-06	110.744951	2.53872E-05	-2.39837E-06	-25.93864159	-3.05185E-06	-3.15102E-08
91	89.01658833	1.84189E-05	8.17151E-08	116.0984282	2.1315E-05	-2.99106E-06	-27.08183984	-2.8961E-06	3.07277E-06
92	93.205643	-0.000111328	1.77157E-05	121.2604837	-0.000109026	2.8485E-05	-28.05484075	-2.30244E-06	-1.07693E-05
93	97.37209922	5.68393E-05	4.85148E-06	126.2133883	5.87519E-05	1.1887E-05	-28.84128912	-1.91259E-06	-7.03554E-06
94	101.515705	2.74428E-05	-1.07012E-05	130.9433082	3.1528E-05	-3.79545E-06	-29.42760314	-4.08524E-06	-6.90577E-06
95	105.6329997	-7.72406E-06	1.44598E-06	135.4357421	-6.09279E-06	-5.93899E-08	-29.80274242	-1.63127E-06	1.50537E-06
96	109.7208523	-7.39923E-06	4.35384E-05	139.6805264	-2.74655E-06	4.85037E-05	-29.95967411	-4.65268E-06	-4.96539E-06
97	113.7737055	5.11984E-05	1.75685E-05	143.6682884	5.20225E-05	1.67967E-05	-29.89458291	-8.24091E-07	7.71759E-07
98	117.7842773	-2.87491E-06	-1.33338E-05	147.3917343	4.44899E-06	-1.20943E-05	-29.60745702	-7.3239E-06	-1.23942E-06
99	121.742205	3.86058E-05	2.12275E-05	150.8443973	3.86409E-05	2.7292E-05	-29.10219223	-3.50948E-08	-6.06448E-06
100	125.6383559	-7.18971E-06	7.35901E-06	154.02495	-7.14333E-06	1.17013E-05	-28.38659401	-4.6384E-08	-4.34232E-06
101	129.4587371	-5.92369E-06	-1.84296E-05	156.9307426	-5.45249E-06	-1.10469E-05	-27.47200552	-4.712E-07	-7.38267E-06
102	133.1894797	7.04968E-05	0.000137826	159.5627302	7.44661E-05	0.000139301	-26.37325054	-3.9693E-06	-1.47539E-06
103	136.8150962	-1.17328E-05	-4.92013E-06	161.923686	-9.79775E-06	-6.19565E-06	-25.10858984	-1.93503E-06	1.27552E-06
104	140.3192025	-1.32881E-05	-3.9415E-05	164.0179034	-4.51874E-06	-4.37219E-05	-23.69870086	-8.76941E-06	4.30686E-06
105	143.6835993	-1.08306E-05	4.23064E-06	165.8502952	-1.04361E-05	9.76078E-06	-22.16669582	-3.94505E-07	-5.53013E-06
106	146.8908442	-6.19186E-06	-9.13487E-06	167.4285898	-1.36045E-06	-1.31439E-05	-20.53774562	-4.83141E-06	4.00904E-06
107	149.9224652	-3.47007E-05	-8.56396E-06	168.7599061	-2.84109E-05	7.47035E-06	-18.83744092	-6.28977E-06	-1.60343E-05
108	152.7619621	-2.02749E-05	-4.67175E-06	169.8548853	-1.88455E-05	-6.7701E-06	-17.09292313	-1.42941E-06	2.09834E-06
109	155.391315	2.19008E-05	-3.27589E-05	170.7216686	2.52311E-05	-3.10602E-05	-15.33035364	-3.33032E-06	-1.69869E-06
110	157.7981331	6.9513E-06	-4.43088E-05	171.3736016	6.58153E-06	-4.70103E-05	-13.57546841	3.6977E-07	2.70156E-06
111	159.9673269	6.35279E-05	3.8833E-05	171.8195749	5.97524E-05	4.39021E-05	-11.85224799	3.77545E-06	-5.069E-06
112	161.8875348	-7.77663E-06	-2.2843E-06	172.0702094	-4.36621E-06	-6.33474E-06	-10.18267452	-3.41042E-06	4.05044E-06
113	163.5532562	8.80277E-06	2.64872E-06	172.1396862	7.91386E-06	-1.86349E-06	-8.586430075	8.88916E-07	4.51221E-06
114	164.9576499	-1.34508E-05	5.2051E-06	172.0374837	-1.30729E-05	1.96613E-06	-7.07983382	-3.77838E-07	3.23896E-06
115	166.1010165	3.24865E-06	-2.86557E-07	171.7771928	5.66785E-06	-4.56496E-07	-5.676176309	-2.4192E-06	1.69939E-07
116	166.9839267	-1.57543E-05	-6.23064E-06	171.3688008	-1.14138E-05	-9.10004E-06	-4.384874055	-4.34049E-06	2.8694E-06
117	167.6126271	5.01258E-05	1.29343E-05	170.8251744	4.39344E-05	2.02673E-05	-3.212547309	6.19139E-06	-7.33307E-06
118	167.9951932	1.97172E-05	-5.75059E-05	170.1570169	1.4607E-05	-5.87692E-05	-2.161823667	5.1102E-06	1.26325E-06
119	168.1435791	-6.06218E-06	7.47131E-06	169.3759765	-7.95902E-06	-3.11598E-07	-1.232397401	1.89684E-06	7.78291E-06
120	168.0710556	8.55069E-05	6.53066E-05	168.4926883	9.21019E-05	6.38905E-05	-0.421632736	-6.59501E-06	1.41607E-06
121	167.7937209	6.76623E-05	3.59025E-05	167.5178105	7.1935E-05	3.67555E-05	0.275910428	-4.27265E-06	-8.5299E-07
122	167.3295895	-5.64423E-05	8.68198E-06	166.4629997	-6.00631E-05	1.0809E-05	0.866589791	3.62078E-06	-2.12703E-06
123	166.6949608	-2.46012E-05	6.5153E-05	165.3362793	-2.422E-05	4.25766E-05	1.358681453	-3.81203E-07	2.25764E-05
124	165.9092029	-1.34684E-05	-3.18433E-05	164.1486977	-7.16225E-06	-2.81922E-05	1.760505136	-6.30615E-06	-3.65112E-06
125	164.989104	-1.06441E-05	0.000109116	162.9084309	-2.75618E-06	0.000100411	2.080673119	-7.88792E-06	8.70546E-06
126	163.9503993	1.5718E-05	-3.58419E-05	161.6228304	6.75245E-06	-3.96603E-05	2.32756884	8.9655E-06	3.81834E-06
127	162.8081262	-4.07402E-07	5.99104E-06	160.2998052	7.33934E-06	-1.74457E-06	2.508321021	-7.74674E-06	7.73561E-06
128	161.5740658	3.99443E-05	4.15719E-05	158.9439149	3.2696E-05	4.49488E-05	2.630150893	7.24834E-06	-3.37685E-06
129	160.2585659	-3.97957E-06	6.667E-06	157.5600054	-3.73271E-06	6.54706E-06	2.6985605	-2.46862E-07	1.19937E-07
130	158.8700596	-2.30803E-05	1.74256E-05	156.1514428	-3.09633E-05	2.29493E-05	2.718616806	7.88304E-06	-5.52367E-06
131	157.414798	3.58484E-05	1.49587E-05	154.7198453	3.45737E-05	1.91394E-05	2.694952751	1.27477E-06	-4.18074E-06
132	155.8965883	3.26589E-05	2.67898E-05	153.2649974	3.12219E-05	2.02633E-05	2.631590916	1.43699E-06	6.52647E-06
133	154.3191829	-6.33235E-06	-3.50092E-05	151.7860594	-8.20613E-06	-3.46426E-05	2.533123465	1.87378E-06	-3.66611E-07
134	152.6848748	-3.88458E-05	6.08051E-05	150.2805077	-4.20816E-05	6.83463E-05	2.404367155	3.23584E-06	-7.54122E-06
135	150.9963996	2.23563E-05	2.00179E-05	148.7450497	2.83599E-05	1.61223E-05	2.251349956	-6.00362E-06	3.89559E-06
136	149.2553838	-4.29407E-06	1.47065E-06	147.1737274	-8.18822E-06	-2.82404E-07	2.081656469	3.89415E-06	1.75305E-06
137	147.4660643	3.37088E-05	8.67054E-05	145.5614185	3.74357E-05	8.95507E-05	1.904645806	-3.72695E-06	-2.84528E-06
138	145.6327442	-4.19012E-05	-1.516E-05	143.9011538	-4.38786E-05	-8.29492E-06	1.731590424	1.97747E-06	-6.86504E-06
139	143.762414	-2.2353E-06	-1.58931E-05	142.1864511	-1.2875E-06	-1.32756E-05	1.575962928	-9.47802E-07	-2.61754E-06
140	141.8626816	-1.2816E-05	-3.12171E-05	140.4088499	-1.34269E-05	-3.00054E-05	1.453831653	6.10858E-07	-1.21169E-06
141	139.9456117	-7.54483E-06	-1.77226E-05	138.5629159	-1.02974E-05	-1.1789E-05	1.382695788	2.75257E-06	-5.93358E-06
142	138.0224943	-2.59151E-06	4.25214E-06	136.6404177	-2.70706E-06	7.44306E-06	1.382076627	1.15551E-07	-3.19093E-06
143	136.1072109	1.98407E-06	1.70562E-05	134.6344514	5.97693E-07	1.88413E-05	1.472759444	1.38637E-06	-1.78505E-06
144	134.216042	4.40109E-05	-3.92704E-06	132.540257	3.67686E-05	-9.31569E-06	1.675784997	7.24225E-06	5.38864E-06
145	132.3634499	5.32787E-06	1.45884E-05	130.3506059	4.27801E-06	1.31519E-05	2.012843908	1.04987E-06	1.43652E-06
146	130.5668506	-7.0217E-05	-7.09285E-06	128.0626032	-7.22271E-05	-8.25288E-06	2.504247421	2.01011E-06	1.16003E-06
147	128.8402263	1.45181E-05	1.2603E-05	125.6710871	1.5995E-05	1.66598E-05	3.169139231	-1.47692E-06	-4.05683E-06
148	127.1991598	2.18595E-05	-4.05976E-05	123.1747751	2.30893E-05	-5.05753E-05	4.024384716	-1.22987E-06	9.97774E-06
149	125.6540278	-8.67025E-06	5.15909E-05	120.5700726	-5.30391E-06	5.35859E-05	5.083955188	-3.36634E-06	-1.99495E-06
150	124.21495	-4.00893E-05	8.17286E-05	117.8566611	-3.3125E-05	8.20795E-05	6.358288913	-6.96426E-06	-3.50902E-07
151	122.8869309	1.19751E-05	7.47561E-07	115.0332031	8.15089E-06	4.12114E-06	7.853727841	3.82426E-06	-3.37357E-06
152	121.6732344	4.72874E-05	4.59731E-06	112.100839	4.27097E-05	2.00137E-06	9.57239539	4.57768E-06	2.59594E-06
153	120.5724442	-2.61172E-05	-2.96059E-05	109.0613967	-2.51665E-05	-3.39789E-05	11.51104745	-9.50733E-07	4.373E-06
154	119.5776521	2.09896E-05	4.56285E-05	105.9153463	2.26034E-05	4.8396E-05	13.66230578	-1.6138E-06	-2.76752E-06
155	118.6789491	9.12024E-06	-1.04576E-05	102.6652896	1.30832E-05	-1.36116E-05	16.01365948	-3.963E-06	3.15398E-06
156	117.8608367	-6.19376E-05	-2.01925E-05	99.31304454	-6.48027E-05	-2.12947E-05	18.54779219	2.86509E-06	1.10218E-06
157	117.1062268	7.84635E-06	1.88916E-06	95.86350481	8.61176E-06	1.60598E-06	21.24272203	-7.65407E-07	2.83182E-07
158	116.3923024	-1.89896E-05	2.27242E-05	92.31940633	-9.6732E-06	2.14387E-05	24.07289604	-9.3164E-06	1.28555E-06
159	115.6940506	1.42988E-05	4.01043E-05	88.68550629	9.65491E-06	4.17915E-05	27.0085443	4.64393E-06	-1.68722E-06
160	114.983774	-1.80779E-06	5.26301E-05	84.96675045	1.71402E-06	5.44695E-05	30.01702355	-3.52181E-06	-1.83939E-06
161	114.2314696	5.74995E-05	5.8139E-07	81.16841217	4.9938E-05	-3.91767E-06	33.06305746	7.56156E-06	4.49906E-06
162	113.4070069	-1.66869E-05	-3.79677E-05	77.29733459	-1.1842E-05	-3.99524E-05	36.10967233	-4.84491E-06	1.98468E-06
163	112.4781271	-9.3099E-05	-8.1077E-05	73.35954372	-8.53206E-05	-8.36219E-05	39.11858334	-7.77841E-06	2.54492E-06
164	111.4149984	3.87973E-05	-5.61534E-05	69.3635215	4.18943E-05	-5.2094E-05	42.05147686	-3.09699E-06	-4.05941E-06
165	110.1875305	-1.14893E-05	-5.7516E-06	65.31759341	-1.96363E-05	1.87472E-06	44.86993713	8.14703E-06	-7.62632E-06
166	108.7683544	-2.37607E-05	5.40692E-05	61.23110954	-2.65361E-05	5.49004E-05	47.5372449	2.77541E-06	-8.31221E-07
167	107.1320713	4.16616E-05	2.2527E-05	57.11376332	3.42905E-05	3.06588E-05	50.01830799	7.37112E-06	-8.13175E-06
168	105.2589515	5.09381E-05	5.65243E-05	52.97796595	5.17162E-05	6.01287E-05	52.28098554	-7.78096E-07	-3.60439E-06
169	103.1319361	1.95832E-05	5.53438E-06	48.83540948	2.4584E-05	1.01671E-05	54.29652658	-5.00072E-06	-4.6327E-06
170	100.7396676	9.80578E-06	-2.57655E-06	44.69977936	1.07163E-05	-5.40777E-07	56.03988829	-9.10475E-07	-2.03577E-06
171	98.07533308	-3.11176E-05	-1.53263E-06	40.58410081	-3.27098E-05	-5.94429E-06	57.49123227	1.59226E-06	4.41166E-06
172	95.13919923	-4.52142E-05	-4.2655E-06	36.50409877	-4.02697E-05	-2.15325E-06	58.63510046	-4.94449E-06	-2.11225E-06
173	91.93726897	-3.13284E-05	1.45309E-06	32.47550757	-3.3055E-05	1.77448E-06	59.46176141	1.72663E-06	-3.21388E-07
174	88.48095923	-2.99753E-05	-4.92804E-05	28.51376703	-3.17211E-05	-5.02132E-05	59.9671922	1.74581E-06	9.32824E-07
175	84.78962565	9.47823E-05	1.31823E-05	24.63723135	9.84871E-05	1.35359E-05	60.1523943	-3.70476E-06	-3.53625E-07
176	80.88687156	2.55346E-05	-3.22836E-06	20.8624191	2.94856E-05	8.88072E-06	60.02445246	-3.95092E-06	-1.21091E-05
177	76.80345733	5.28811E-05	3.90094E-06	17.20825987	4.73654E-05	-1.81203E-07	59.59519746	5.5157E-06	4.08214E-06
178	72.57409477	6.22922E-05	-1.08601E-05	13.69238257	5.45904E-05	-1.23796E-05	58.8817122	7.70182E-06	1.51951E-06
179	68.23955925	1.12605E-05	-6.78581E-06	10.33428745	1.05192E-05	-3.0956E-06	57.9052718	7.41351E-07	-3.69021E-06
180	63.84227424	-1.2135E-05	-4.35858E-05	7.151347779	-7.06743E-06	-3.87283E-05	56.69092646	-5.06759E-06	-4.85748E-06
181	59.42808014	1.97143E-05	5.30862E-05	4.161584746	2.22357E-05	4.84416E-05	55.2664954	-2.52135E-06	4.64458E-06
182	55.04642768	0.000116846	6.19955E-05	1.384220297	9.84261E-05	7.00419E-05	53.66220738	1.84202E-05	-8.04639E-06
183	50.74440532	1.19829E-05	-4.08463E-05	-1.165075963	7.66378E-06	-3.99322E-05	51.90948129	4.31909E-06	-9.14085E-07
184	46.57191382	3.49289E-05	-1.08341E-05	-3.468008345	3.62571E-05	-7.43469E-06	50.03992217	-1.32825E-06	-3.39943E-06
185	42.57420748	9.04605E-06	-9.82507E-06	-5.510793836	5.26489E-06	-3.5067E-06	48.08500132	3.78116E-06	-6.31837E-06
186	38.79685022	-7.10818E-05	3.83221E-05	-7.277897187	-6.84607E-05	3.46322E-05	46.07474741	-2.62116E-06	3.6899E-06
187	35.28017487	4.66561E-05	3.79132E-05	-8.756371457	4.25224E-05	4.56147E-05	44.03654633	4.13372E-06	-7.70146E-06
188	32.06092055	-3.32714E-06	4.93003E-05	-9.934440622	-8.20961E-06	5.35175E-05	41.99536118	4.88247E-06	-4.21721E-06
189	29.17030707	-4.24833E-05	1.44668E-05	-10.80230844	-3.46086E-05	6.42606E-06	39.97261551	-7.87475E-06	8.04072E-06
190	26.63347898	-4.63416E-05	4.19531E-05	-11.3522862	-4.81237E-05	4.58004E-05	37.98576518	1.78206E-06	-3.84728E-06
191	24.46992048	-7.59057E-06	-7.9022E-06	-11.57819711	-6.74219E-06	-3.62169E-06	36.04811759	-8.48378E-07	-4.28051E-06
192	22.6933403	2.54434E-05	-2.24993E-06	-11.47561084	2.54963E-05	2.12093E-06	34.16895114	-5.2957E-08	-4.37085E-06
193	21.30877422	-3.41106E-06	3.28206E-06	-11.04437138	-3.34572E-07	3.85939E-06	32.35314561	-3.07648E-06	-5.77328E-07
194	20.31635545	-3.49597E-05	-6.93205E-05	-10.28534888	-4.73575E-05	-5.77104E-05	30.60170433	1.23979E-05	-1.16101E-05
195	19.70927839	2.98676E-06	5.85299E-06	-9.203476138	8.48224E-07	9.11869E-06	28.91275453	2.13854E-06	-3.2657E-06
196	19.47574594	4.06075E-05	-6.73473E-06	-7.805122611	3.59882E-05	-1.89234E-06	27.28086855	4.6193E-06	-4.84239E-06
197	19.59831147	1.01523E-05	1.13384E-06	-6.100506051	1.04749E-05	3.19668E-06	25.69881752	-3.22606E-07	-2.06284E-06
198	20.05512667	6.83741E-06	-5.79575E-05	-4.103069625	2.98506E-06	-6.92105E-05	24.1581963	3.85235E-06	1.12529E-05
199	20.82061931	1.68222E-05	-1.50557E-05	-1.829020309	1.57986E-05	-1.58298E-05	22.64963962	1.02369E-06	7.7408E-07
200	21.86611606	8.09412E-06	1.23707E-06	0.701785884	5.08103E-06	1.02739E-06	21.16433017	3.01309E-06	2.09681E-07
201	23.16210573	3.20867E-05	2.58958E-05	3.467592353	4.00473E-05	3.33439E-05	19.69451338	-7.96063E-06	-7.44809E-06
202	24.67804534	-4.46168E-05	-1.63232E-05	6.443935746	-3.91246E-05	-7.91464E-06	18.2341096	-5.49229E-06	-8.4086E-06
203	26.38229381	-1.88305E-06	-1.43661E-05	9.602385074	1.06574E-06	-7.947E-06	16.77990874	-2.94879E-06	-6.4191E-06
204	28.2456302	4.02106E-06	-5.14982E-06	12.91457337	1.32769E-06	-5.24455E-06	15.33105683	2.69337E-06	9.47313E-08
205	30.23799024	-1.64496E-05	-3.21271E-07	16.3474121	-1.96228E-05	-1.99461E-06	13.89057814	3.17318E-06	1.67334E-06
206	32.33380823	-3.44382E-07	3.06424E-06	19.86923742	1.95647E-06	2.5857E-07	12.46457081	-2.30085E-06	2.80567E-06
207	34.50791648	-0.000110355	3.28164E-05	23.44482575	-0.000102209	3.81608E-05	11.06309073	-8.14594E-06	-5.34438E-06
208	36.73989071	4.68505E-05	2.1245E-05	27.04072513	5.49061E-05	1.93741E-05	9.699165575	-8.05564E-06	1.87085E-06
209	39.01039981	-1.72609E-05	2.43222E-06	30.62111445	-1.57825E-05	2.52963E-06	8.389285363	-1.47848E-06	-9.74032E-08
210	41.30408937	3.44669E-05	1.86233E-05	34.15229839	3.65664E-05	1.68395E-05	7.151790984	-2.0995E-06	1.78381E-06
211	43.6076365	-2.02784E-05	1.95718E-05	37.60014141	-2.39358E-05	2.61011E-05	6.007495097	3.65749E-06	-6.52922E-06
212	45.91162279	-5.21214E-05	9.80447E-06	40.93387554	-5.18283E-05	-9.49963E-06	4.977747245	-2.93111E-07	1.93041E-05
213	48.20659069	-8.95847E-06	1.50288E-05	44.12183937	-2.7113E-06	1.55634E-05	4.084751318	-6.24716E-06	-5.34579E-07
214	50.48546561	-1.23078E-05	-1.05616E-05	47.13630209	-7.83084E-06	-8.2874E-06	3.349163528	-4.477E-06	-2.27421E-06
215	52.74284677	1.93598E-05	6.57186E-05	49.95240619	2.02387E-05	5.98203E-05	2.790440586	-8.78875E-07	5.89828E-06
216	54.97207914	-3.50822E-05	-3.40524E-05	52.54674662	-3.26919E-05	-2.73553E-05	2.42533252	-2.39026E-06	-6.69706E-06
217	57.16751876	-1.02901E-05	-3.51706E-05	54.90041489	-8.39748E-06	-3.28194E-05	2.267103862	-1.89263E-06	-2.35114E-06
218	59.32229539	-4.11388E-06	-6.69491E-05	56.99723843	-2.89506E-06	-5.9103E-05	2.325056962	-1.21882E-06	-7.84612E-06
219	61.42844234	7.6065E-06	2.00004E-05	58.8248984	4.62116E-06	1.96256E-05	2.603543943	2.98534E-06	3.74732E-07
220	63.47683804	-2.50276E-05	-2.83536E-05	60.37517592	-2.26582E-05	-3.1768E-05	3.101662118	-2.36937E-06	3.41446E-06
221	65.45541326	6.84707E-05	-1.17606E-05	61.6421364	6.92714E-05	-1.3863E-05	3.813276863	-8.00733E-07	2.10239E-06
222	67.35157287	3.72507E-05	3.13842E-05	62.62492627	4.06752E-05	2.33792E-05	4.7266466	-3.4245E-06	8.00501E-06
223	69.15029713	-1.20405E-05	1.95486E-05	63.32590967	-9.89474E-06	2.71686E-05	5.824387453	-2.14581E-06	-7.62E-06
224	70.83506417	4.95266E-05	-3.83614E-06	63.75094867	5.23369E-05	-8.89444E-06	7.084115498	-2.81033E-06	5.0583E-06
225	72.38866974	-1.71762E-05	5.88144E-07	63.90962291	-1.81672E-05	-4.12469E-06	8.479046833	9.91049E-07	4.71283E-06
226	73.79195069	-4.36007E-05	5.51759E-06	63.81362758	-4.04244E-05	5.83207E-06	9.978323111	-3.17623E-06	-3.14476E-07
227	75.02675409	-3.72433E-05	-1.04052E-05	63.47898414	-3.78773E-05	-7.24639E-06	11.54776995	6.34011E-07	-3.15884E-06
228	76.07393868	-1.24376E-05	-1.38502E-05	62.92285633	-1.37328E-05	-1.07909E-05	13.15108235	1.29522E-06	-3.0593E-06
229	76.91588574	-4.15944E-05	5.15397E-06	62.16540047	-4.1294E-05	5.85556E-06	14.75048528	-3.00387E-07	-7.01586E-07
230	77.53777168	-8.88984E-06	2.20807E-05	61.22964544	-9.39845E-06	2.40146E-05	16.30812624	5.08609E-07	-1.93393E-06
231	77.92570465	-1.71419E-05	1.55543E-05	60.13859574	-2.16459E-05	9.32303E-06	17.7871089	4.50406E-06	6.23129E-06
232	78.0702265	-3.72826E-05	4.20378E-05	58.91823036	-3.12038E-05	4.74684E-05	19.15199614	-6.07876E-06	-5.43059E-06
233	77.96395258	-5.97584E-05	-1.30162E-06	57.59343675	-5.4328E-05	-3.58753E-06	20.37051583	-5.43039E-06	2.28591E-06
234	77.60565946	-9.56425E-06	-2.84423E-06	56.19175841	-4.55735E-06	2.5531E-06	21.41390106	-5.00689E-06	-5.39733E-06
235	76.9975451	-1.72165E-05	-4.05736E-05	54.73950792	-1.98977E-05	-3.67517E-05	22.25803717	2.68123E-06	-3.82193E-06
236	76.14708303	-2.78494E-06	-6.22593E-06	53.26358167	3.85731E-06	-1.27575E-05	22.88350136	-6.64225E-06	6.53155E-06
237	75.06640982	-3.58955E-06	-3.71228E-05	51.78979886	-4.11947E-06	-3.9465E-05	23.27661096	5.29916E-07	2.34227E-06
238	73.77428315	2.50093E-06	-3.9048E-05	50.34518334	1.89765E-06	-3.83774E-05	23.4290998	6.03278E-07	-6.70631E-07
239	72.29193227	1.45124E-05	4.41846E-05	48.95304276	7.46648E-06	4.13333E-05	23.33888951	7.04589E-06	2.85132E-06
240	70.64690004	3.63298E-06	-7.77544E-06	47.63780957	4.7101E-06	-3.7108E-06	23.00909047	-1.07713E-06	-4.06464E-06
241	68.87177795	-4.8128E-07	4.2787E-05	46.42354325	-7.80674E-08	3.75186E-05	22.4482347	-4.03213E-07	5.26833E-06
242	67.00017326	-8.97237E-06	-1.04768E-05	45.33042022	-6.87214E-06	-4.91724E-06	21.66975304	-2.10023E-06	-5.5596E-06
243	65.07096681	-3.0665E-05	-2.6261E-06	44.37966448	-3.34106E-05	-6.04738E-06	20.69130233	2.74565E-06	3.42128E-06
244	63.12411093	-5.497E-06	3.37504E-05	43.59001814	-8.33229E-06	3.13379E-05	19.5340928	2.83529E-06	2.41247E-06
245	61.20156937	-6.82376E-06	-1.03272E-05	42.97932568	-4.97412E-06	-1.58117E-05	18.22224369	-1.84964E-06	5.48444E-06
246	59.34553249	6.27411E-05	1.7274E-05	42.56373706	6.06959E-05	1.93425E-05	16.78179543	2.0452E-06	-2.06846E-06
247	57.59875297	-1.38709E-05	-9.88886E-06	42.35841309	-1.50872E-05	-9.4226E-06	15.24033988	1.21634E-06	-4.66264E-07
248	56.0012937	1.23997E-05	-8.23723E-06	42.37549702	5.38904E-06	-7.76333E-06	13.62579668	7.01064E-06	-4.73901E-07
249	54.59367722	3.60374E-05	1.20638E-05	42.62795206	3.93821E-05	8.99297E-06	11.96572516	-3.34465E-06	3.07086E-06
250	53.41240858	2.6687E-05	-1.18143E-05	43.12565758	3.03932E-05	-1.12326E-05	10.286751	-3.70615E-06	-5.81741E-07
251	52.49068274	-4.12137E-05	8.18956E-06	43.87643089	-4.48323E-05	3.72068E-06	8.614251853	3.61865E-06	4.46888E-06
252	51.85889796	-4.92015E-06	-4.53185E-05	44.88795616	-7.29755E-06	-4.2408E-05	6.970941803	2.3774E-06	-2.91053E-06
253	51.54192309	4.17982E-05	-7.48069E-06	46.1643436	4.55042E-05	3.13949E-06	5.377579497	-3.70601E-06	-1.06202E-05
254	51.56055581	-4.22569E-06	1.5914E-05	47.70931306	-9.04314E-06	2.05923E-05	3.851242746	4.81745E-06	-4.67823E-06
255	51.92948573	-5.04001E-05	7.46447E-05	49.52306479	-4.86693E-05	7.23538E-05	2.406420946	-1.73074E-06	2.29091E-06
256	52.65983652	-1.63407E-05	-4.39349E-05	51.60612624	-1.3953E-05	-3.75122E-05	1.053710283	-2.38773E-06	-6.42271E-06
257	53.75597428	3.80573E-05	-1.43448E-05	53.95580654	4.06186E-05	-1.17142E-05	-0.19983226	-2.56132E-06	-2.63062E-06
258	55.21652051	-9.80352E-06	-5.37358E-06	56.56707365	-1.13719E-05	-4.90594E-06	-1.350553141	1.5684E-06	-4.67644E-07
259	57.03467007	1.33513E-05	5.55151E-05	59.43316492	1.57679E-05	4.96739E-05	-2.398494852	-2.41658E-06	5.84115E-06
260	59.19969585	-1.86797E-05	-1.07152E-05	62.5463475	-1.86415E-05	-1.10381E-05	-3.346651654	-3.82241E-08	3.22979E-07
261	61.69431327	1.62252E-05	-2.57728E-05	65.89616914	1.4677E-05	-2.22265E-05	-4.201855868	1.5482E-06	-3.54636E-06
262	64.49809149	7.2598E-06	1.85056E-06	69.47136128	1.39669E-05	3.20015E-07	-4.973269796	-6.70714E-06	1.53055E-06
263	67.58454409	2.02558E-05	-1.92891E-05	73.25698871	2.15783E-05	-1.86094E-05	-5.672444615	-1.32246E-06	-6.79634E-07
264	70.92649484	7.178E-06	2.09155E-06	77.24020014	8.66894E-06	9.48496E-07	-6.313705295	-1.49094E-06	1.14305E-06
265	74.49045898	5.35118E-06	2.12594E-05	81.40255664	7.38268E-06	1.8378E-05	-6.912097653	-2.03151E-06	2.88133E-06
266	78.24270582	1.48219E-05	2.68727E-05	85.72681509	1.86514E-05	2.93605E-05	-7.484109276	-3.82946E-06	-2.48787E-06
267	82.14739818	8.04077E-07	-2.32386E-05	90.1938987	-2.56703E-06	-2.49444E-05	-8.046500514	3.37111E-06	1.70577E-06
268	86.16805483	-4.18326E-05	4.11782E-06	94.784454	-3.92144E-05	2.47654E-06	-8.616399169	-2.61816E-06	1.64128E-06
269	90.26559009	-2.22945E-06	-4.67155E-07	99.47530403	2.47213E-06	2.3255E-06	-9.209713943	-4.70158E-06	-2.79265E-06
270	94.40428508	-9.6658E-06	-2.32007E-05	104.2458328	-5.31261E-06	-1.87842E-05	-9.841547677	-4.35319E-06	-4.4165E-06
271	98.54787644	2.7235E-05	4.78553E-05	109.0729473	3.41202E-05	4.01005E-05	-10.52507087	-6.88514E-06	7.75488E-06
272	102.6594632	-5.12539E-05	-9.61252E-06	113.9306923	-5.27279E-05	-7.01879E-06	-11.27122911	1.47405E-06	-2.59373E-06
273	106.7084757	1.33777E-05	-1.70951E-05	118.7971097	1.12354E-05	-1.47069E-05	-12.08863395	2.14232E-06	-2.38817E-06
274	110.6615161	-2.94395E-06	-2.90739E-05	123.6442652	-6.50572E-06	-2.6015E-05	-12.98274917	3.56177E-06	-3.05894E-06
275	114.4925022	6.54207E-06	-1.18653E-05	128.4487314	9.17211E-06	-7.08335E-06	-13.95622921	-2.63005E-06	-4.78199E-06
276	118.1752203	3.25461E-06	-4.67962E-05	133.1837057	-1.15233E-06	-4.78064E-05	-15.00848546	4.40694E-06	1.01018E-06
277	121.6876175	-8.79645E-06	-1.03817E-05	137.8234547	-1.07147E-05	-1.87296E-05	-16.13583718	1.91822E-06	8.34787E-06
278	125.0090759	1.36938E-06	-3.69308E-05	142.340872	5.42987E-06	-3.82184E-05	-17.33179615	-4.06049E-06	1.28765E-06
279	128.1241609	5.60777E-06	-3.59457E-05	146.7113969	5.87303E-06	-4.65304E-05	-18.58723595	-2.65258E-07	1.05846E-05
280	131.0177683	-1.88494E-05	-9.30255E-05	150.9089088	-1.56318E-05	-9.95666E-05	-19.89114042	-3.21764E-06	6.54109E-06
281	133.6782118	-7.06444E-05	1.45745E-05	154.9092027	-6.6722E-05	1.12973E-05	-21.23099089	-3.92242E-06	3.27721E-06
282	136.0965713	1.26018E-05	-9.34687E-05	158.6897398	2.21755E-05	-9.64828E-05	-22.59316854	-9.5737E-06	3.01407E-06
283	138.2639807	1.7748E-05	4.22132E-05	162.2276076	5.87516E-06	4.31716E-05	-23.96362689	1.18728E-05	-9.58404E-07
284	140.1732777	-1.38797E-05	2.28953E-05	165.5024986	-1.65207E-05	1.48792E-05	-25.32922087	2.64095E-06	8.01606E-06
285	141.8187934	2.56649E-06	-7.32643E-06	168.4966711	2.2487E-06	-8.77832E-06	-26.67787774	3.17788E-07	1.45189E-06
286	143.1932217	-2.81806E-05	3.25308E-05	171.1923349	-2.85783E-05	3.97132E-05	-27.9991132	3.97723E-07	-7.18243E-06
287	144.2906816	-1.70301E-06	-8.87161E-06	173.5755764	1.47235E-06	-1.11503E-05	-29.28489481	-3.17536E-06	2.27873E-06
288	145.1043433	-3.51658E-05	-2.76578E-05	175.6345869	-3.15775E-05	-2.7663E-05	-30.53024357	-3.58831E-06	5.21279E-09
289	145.6284808	5.10244E-06	-1.33006E-05	177.3613234	2.58413E-06	-4.4482E-06	-31.73284257	2.51831E-06	-8.85238E-06
290	145.8544996	-6.47875E-05	1.45347E-05	178.7482289	-6.51673E-05	1.5056E-05	-32.89372927	3.79756E-07	-5.21342E-07
291	145.775999	7.80141E-06	-7.54268E-06	179.7929687	6.32382E-06	-1.30401E-05	-34.01696965	1.47758E-06	5.49743E-06
292	145.3870511	1.46962E-05	-4.47526E-06	180.4964113	1.23826E-05	-8.40844E-06	-35.10936024	2.31368E-06	3.93318E-06
293	144.6789152	1.7578E-05	8.13452E-07	180.8586296	1.26408E-05	-4.878E-06	-36.17971448	4.93723E-06	5.69145E-06
294	143.6505956	-3.29607E-05	2.88667E-05	180.8890262	-3.15765E-05	2.41486E-05	-37.23843055	-1.38415E-06	4.71814E-06
295	142.298366	-1.63979E-05	-1.61357E-05	180.5950953	-2.05153E-05	-1.56275E-05	-38.29672932	4.11738E-06	-5.08165E-07
296	140.6238573	-5.71651E-06	-8.16151E-07	179.9890302	-4.42683E-06	-1.02444E-05	-39.36517292	-1.28968E-06	9.42824E-06
297	138.632928	5.05769E-07	3.24247E-05	179.0860222	-6.87757E-06	3.27748E-05	-40.45309415	7.38334E-06	-3.50028E-07
298	136.3350825	-2.25018E-05	-8.04255E-05	177.9030626	-3.00352E-05	-7.8419E-05	-41.56798009	7.53343E-06	-2.00648E-06
299	133.7463941	-7.36851E-06	6.6547E-05	176.4597607	-8.86132E-06	6.54776E-05	-42.71336664	1.49281E-06	1.06938E-06
300	130.8903437	-7.05201E-06	1.20278E-05	174.7795169	-1.2507E-05	1.25496E-05	-43.88917312	5.45503E-06	-5.21845E-07
301	127.7942983	3.38301E-05	-1.11805E-05	172.8847628	3.23388E-05	4.23219E-07	-45.09046446	1.4913E-06	-1.16037E-05
302	124.4937777	3.09258E-05	-8.16111E-06	170.8008009	3.68498E-05	-5.4127E-06	-46.30702327	-5.92401E-06	-2.74841E-06
303	121.0285691	1.81966E-05	1.81387E-05	168.5525229	1.64389E-05	1.69885E-05	-47.52395371	1.75762E-06	1.15024E-06
304	117.4469243	-3.73008E-06	4.76978E-05	166.1676019	2.15411E-07	5.45901E-05	-48.72067768	-3.94549E-06	-6.89232E-06
305	113.7996418	-5.54943E-06	-1.51321E-05	163.6721994	-1.1782E-05	-1.94759E-05	-49.87255756	6.23253E-06	4.34379E-06
306	110.140804	-4.28795E-05	5.52733E-05	161.0916937	-4.64994E-05	5.3166E-05	-50.95088963	3.61991E-06	2.10728E-06
307	106.5284088	-1.09648E-05	-1.04957E-05	158.4527332	-1.7003E-05	-1.01256E-05	-51.92432433	6.03815E-06	-3.70117E-07
308	103.0207878	-1.30018E-05	-2.04194E-07	155.7803495	-7.27049E-06	3.35682E-08	-52.7595617	-5.73133E-06	-2.37762E-07
309	99.67330228	-4.38974E-06	-6.11215E-06	153.0966334	-5.11386E-06	-7.2959E-06	-53.42333109	7.2412E-07	1.18376E-06
310	96.54221674	-1.05947E-05	4.55796E-05	150.4256427	-1.20106E-05	5.20072E-05	-53.88342591	1.41592E-06	-6.42755E-06
311	93.67689414	-3.00696E-05	7.98138E-06	147.7871424	-2.70557E-05	1.19293E-05	-54.11024822	-3.01398E-06	-3.94797E-06
312	91.12241675	1.42936E-07	-8.324E-07	145.2004642	8.48814E-06	-5.23726E-06	-54.07804749	-8.3452E-06	4.40486E-06
313	88.91509315	-1.19293E-05	4.94254E-05	142.6814224	-9.96091E-06	5.1901E-05	-53.7663293	-1.96834E-06	-2.47565E-06
314	87.08485844	4.34946E-07	-1.05638E-05	140.2455293	-1.67605E-06	-3.57228E-06	-53.16067089	2.111E-06	-6.99153E-06
315	85.65352484	-5.97164E-05	-9.59558E-06	137.9071677	-6.2794E-05	-1.02484E-05	-52.25364284	3.07758E-06	6.52792E-07
316	84.63156853	-9.08051E-06	-1.58408E-05	135.6771816	-8.06627E-06	-1.6221E-05	-51.04561308	-1.01424E-06	3.80191E-07
317	84.02088705	-2.50037E-06	3.22569E-05	133.565006	-3.75167E-07	2.90313E-05	-49.54411897	-2.1252E-06	3.22564E-06
318	83.81429965	4.0209E-05	-5.58928E-05	131.5792672	3.9349E-05	-4.74102E-05	-47.76496752	8.60058E-07	-8.48257E-06
319	83.99608539	-1.2052E-06	2.70758E-06	129.7275726	-1.38939E-06	3.80615E-07	-45.73148724	1.84194E-07	2.32696E-06
320	84.53940274	3.752E-05	5.75501E-06	128.0127667	3.60279E-05	4.22478E-06	-43.47336397	1.49213E-06	1.53023E-06
321	85.41455157	1.53989E-05	8.65125E-05	126.4413977	2.09891E-05	8.22048E-05	-41.02684614	-5.59022E-06	4.30771E-06
322	86.58219078	-6.51908E-06	-3.91498E-06	125.0150311	3.24853E-07	-5.47569E-06	-38.43284037	-6.84394E-06	1.56071E-06
323	87.9998499	1.11476E-05	-2.88425E-05	123.7364123	1.73023E-05	-2.64722E-05	-35.73656238	-6.15473E-06	-2.37029E-06
324	89.62059692	-2.05251E-05	-7.9499E-05	122.6062961	-2.193E-05	-8.50888E-05	-32.98569914	1.4049E-06	5.58978E-06
325	91.39438378	-2.17991E-05	2.09265E-05	121.6231313	-7.80257E-06	2.50161E-05	-30.22874753	-1.39965E-05	-4.08966E-06
326	93.27206274	-1.95214E-05	3.57547E-05	120.7866555	-1.50704E-05	3.26054E-05	-27.51459281	-4.45097E-06	3.14934E-06
327	95.20447299	1.77421E-05	-5.23899E-05	120.0942849	1.27689E-05	-6.23215E-05	-24.88981194	4.97321E-06	9.93157E-06
328	97.14268199	-0.000100018	3.65696E-05	119.5408976	-0.000101021	3.56919E-05	-22.39821556	1.00305E-06	8.77623E-07
329	99.04340715	4.53648E-05	-1.87025E-06	119.1225128	4.31045E-05	-1.51861E-06	-20.07910565	2.26033E-06	-3.51634E-07
330	100.8656463	-3.27435E-06	-7.87516E-06	118.8315586	-6.54009E-06	-1.05628E-05	-17.96591234	3.26574E-06	2.68768E-06
331	102.5730917	8.45664E-06	2.209E-05	118.6589481	1.18342E-05	1.69551E-05	-16.08585633	-3.3776E-06	5.13493E-06
332	104.1361048	-4.56027E-05	3.37136E-05	118.59496	-4.10432E-05	4.51124E-05	-14.45885516	-4.55952E-06	-1.13987E-05
333	105.530178	-3.87482E-05	4.66131E-05	118.6272612	-3.92179E-05	5.20244E-05	-13.09708317	4.69692E-07	-5.41127E-06
334	106.7354019	-1.58581E-05	1.72281E-06	118.7402192	-1.54284E-05	4.63539E-06	-12.0048173	-4.29699E-07	-2.91258E-06
335	107.7408012	1.71063E-05	-7.65408E-08	118.9194063	1.66565E-05	-4.42012E-07	-11.17860506	4.49773E-07	3.65472E-07
336	108.5381936	5.78685E-06	1.61845E-05	119.1459017	1.70742E-06	1.66604E-05	-10.60770805	4.07943E-06	-4.75893E-07
337	109.1267489	3.36358E-05	-1.17832E-05	119.4015059	3.0954E-05	-5.14328E-06	-10.27475702	2.68181E-06	-6.63988E-06
338	109.5083984	2.36212E-05	-1.80394E-05	119.6647482	2.98876E-05	-1.74594E-05	-10.15634979	-6.26643E-06	-5.79989E-07
339	109.6897168	8.97275E-06	2.78689E-05	119.914406	7.05965E-06	2.9954E-05	-10.2246892	1.9131E-06	-2.08503E-06
340	109.68016	-1.48767E-05	1.58836E-05	120.1281151	-1.11195E-05	1.48036E-05	-10.44795506	-3.75714E-06	1.08003E-06
341	109.4904133	-4.88516E-05	6.53065E-06	120.2829901	-5.04219E-05	6.84487E-06	-10.79257678	1.57023E-06	-3.14226E-07
342	109.1340485	-5.72828E-05	0.00013834	120.357572	-5.25988E-05	0.000124938	-11.22352351	-4.68399E-06	1.34018E-05
343	108.6228622	2.8794E-06	2.63764E-05	120.3291556	5.01779E-06	2.71354E-05	-11.70629338	-2.13839E-06	-7.59054E-07
344	107.9692112	-3.12453E-05	-1.36917E-05	120.1770567	-8.20346E-06	-1.31153E-05	-12.20784547	-2.30419E-05	-5.76422E-07
345	107.184275	6.95509E-06	-1.59238E-05	119.8816401	7.7323E-06	-1.68018E-05	-12.69736512	-7.77211E-07	8.77988E-07
346	106.2759412	7.02791E-05	-2.32827E-05	119.4237633	6.8132E-05	-2.15692E-05	-13.14782212	2.1471E-06	-1.71349E-06
347	105.2516443	-2.76422E-06	1.53936E-06	118.7876825	-7.44977E-07	1.77903E-06	-13.53603813	-2.01924E-06	-2.39677E-07
348	104.1155594	4.85291E-08	-2.43681E-05	117.9591428	-7.51753E-07	-2.38724E-05	-13.84358334	8.00282E-07	-4.95706E-07
349	102.8691615	-6.00393E-05	-1.27848E-05	116.9259664	-6.26738E-05	-1.12815E-05	-14.05680487	2.63451E-06	-1.5033E-06
350	101.5104143	-2.59991E-05	1.75113E-05	115.6782529	-2.95537E-05	1.3486E-05	-14.16783855	3.5547E-06	4.02536E-06
351	100.0367397	1.17323E-05	3.82062E-05	114.2094859	8.12683E-06	4.06212E-05	-14.17274614	3.60545E-06	-2.41499E-06
352	98.44260348	-4.59711E-05	2.5525E-06	112.5154368	-5.23214E-05	1.15084E-05	-14.07283333	6.3503E-06	-8.95587E-06
353	96.72037858	8.8623E-07	-1.56424E-05	110.594312	3.89843E-06	-1.23288E-05	-13.87393343	-3.0122E-06	-3.31361E-06
354	94.86195691	-2.98684E-05	2.66053E-05	108.4471176	-1.7902E-05	2.55283E-05	-13.58516064	-1.19663E-05	1.07706E-06
355	92.85812399	-1.33726E-05	1.75713E-05	106.0769399	-8.98847E-06	2.57226E-05	-13.21881595	-4.38411E-06	-8.15127E-06
356	90.70023327	-4.65177E-05	4.28707E-05	103.4899194	-5.13053E-05	4.88599E-05	-12.78968613	4.78762E-06	-5.98919E-06
357	88.38042151	-5.81831E-05	1.76471E-05	100.6944678	-5.76397E-05	1.14934E-05	-12.3140463	-5.43349E-07	6.15366E-06
358	85.89158105	-1.27175E-05	3.59242E-05	97.70037166	-1.48924E-05	3.32657E-05	-11.80879061	2.17494E-06	2.65849E-06
359	83.22862052	-1.82038E-05	2.11236E-05	94.51960465	-1.86135E-05	1.63381E-05	-11.29098413	4.09703E-07	4.78549E-06
360	80.38945203	-5.75977E-05	4.35742E-06	91.16632932	-5.62147E-05	6.81395E-06	-10.77687729	-1.38298E-06	-2.45654E-06
361	77.37386397	1.40785E-05	-1.07996E-05	87.65500225	1.16503E-05	-1.00675E-05	-10.28113828	2.42822E-06	-7.32027E-07
362	74.18619871	-3.62262E-07	1.91491E-05	84.00283123	-2.9354E-07	1.2363E-05	-9.816632522	-6.87219E-08	6.78616E-06
363	70.83345368	-6.23162E-05	3.33351E-05	80.22669681	-5.54969E-05	3.52886E-05	-9.393243128	-6.8193E-06	-1.95344E-06
364	67.32625445	8.3785E-06	3.32249E-06	76.34423092	9.77007E-06	7.04176E-06	-9.017976471	-1.39157E-06	-3.71927E-06
365	63.68132419	-2.65836E-05	2.15336E-05	72.37566914	-2.17195E-05	2.92808E-05	-8.694344955	-4.86415E-06	-7.74714E-06
366	59.91674385	9.4797E-06	-7.57402E-05	68.3392352	2.4944E-06	-7.08881E-05	-8.422491343	6.98531E-06	-4.85208E-06
367	56.05552582	-6.28431E-06	3.45722E-05	64.25426491	-6.83367E-06	3.3242E-05	-8.198739089	5.49361E-07	1.33018E-06
368	52.12443056	7.92342E-06	-3.17214E-05	60.14068569	1.10729E-05	-2.72925E-05	-8.016255124	-3.14952E-06	-4.42892E-06
369	48.15398872	-4.20835E-05	-1.17727E-05	56.01845901	-4.49836E-05	-1.219E-05	-7.864470297	2.90014E-06	4.17278E-07
370	44.17623249	-1.49738E-05	4.94498E-05	51.90617999	5.25319E-06	5.38573E-05	-7.729947504	-2.0227E-05	-4.40753E-06
371	40.2268008	-4.41975E-06	-8.98108E-06	47.82387555	-7.92606E-06	-7.86625E-06	-7.597074755	3.50631E-06	-1.11482E-06
372	36.34252023	3.12919E-06	-7.07028E-05	43.79054513	2.89218E-06	-6.55011E-05	-7.448024897	2.3701E-07	-5.20165E-06
373	32.56050246	-4.34551E-05	-3.43316E-05	39.82431345	-4.01093E-05	-4.37928E-05	-7.263810996	-3.34579E-06	9.46122E-06
374	28.91952764	4.54318E-05	-6.80717E-06	35.94426218	4.44778E-05	-8.25104E-06	-7.024734546	9.54065E-07	1.44388E-06
375	25.45621334	-2.22361E-05	-8.78607E-07	32.16729965	-2.31714E-05	-1.61591E-06	-6.711086309	9.3523E-07	7.37304E-07
376	22.20632833	1.76788E-05	8.30037E-07	28.51054142	1.88147E-05	-2.51134E-06	-6.304213089	-1.13587E-06	3.34137E-06
377	19.20360157	-1.26686E-07	1.47498E-05	24.99041159	3.38648E-06	1.36973E-05	-5.786810021	-3.51317E-06	1.05255E-06
378	16.47819879	-3.16785E-05	-9.81177E-06	21.62188393	-4.06037E-05	-7.51893E-06	-5.143685144	8.92517E-06	-2.29284E-06
379	14.0568853	-3.9292E-05	2.58268E-06	18.4192016	-4.00082E-05	7.05206E-06	-4.362316297	7.16297E-07	-4.46937E-06
380	11.9620211	-7.28614E-06	4.60487E-05	15.39575322	-2.40551E-06	4.30726E-05	-3.433732122	-4.88063E-06	2.9761E-06
381	10.21160123	-3.02977E-06	2.46307E-05	12.56377689	-2.84116E-06	1.85768E-05	-2.352175652	-1.88606E-07	6.05393E-06
382	8.817920005	6.17711E-06	2.47029E-05	9.933801991	2.34879E-06	3.18281E-05	-1.115881986	3.82832E-06	-7.12521E-06
383	7.787984887	5.51905E-06	-5.18185E-05	7.514901614	5.04033E-06	-5.07098E-05	0.273083273	4.7872E-07	-1.10878E-06
384	7.123030805	-1.03555E-05	-4.16392E-05	5.314492315	-6.8916E-06	-4.31916E-05	1.808538491	-3.46389E-06	1.55246E-06
385	6.820412205	4.38008E-05	1.72298E-05	3.340292407	3.85538E-05	9.70053E-06	3.480119797	5.24703E-06	7.5293E-06
386	6.870453579	-7.22472E-06	1.18367E-05	1.596021447	-4.49216E-06	5.23367E-06	5.274432131	-2.73257E-06	6.60307E-06
387	7.2589537	6.19662E-07	2.0386E-05	0.084794024	-1.42709E-06	1.00677E-05	7.174159676	2.04676E-06	1.03183E-05
388	7.968115728	-9.08285E-06	6.00033E-05	-1.191105261	-8.78349E-06	6.24245E-05	9.159220989	-2.99354E-07	-2.42121E-06
389	8.975928066	-4.69048E-05	9.88219E-06	-2.230870563	-4.58222E-05	1.39805E-05	11.20679863	-1.08264E-06	-4.0983E-06
390	10.25571211	7.69693E-05	3.99725E-06	-3.036694937	7.21436E-05	-2.21949E-06	13.29240704	4.82573E-06	6.21674E-06
391	11.7810627	3.18667E-05	8.12331E-06	-3.608532331	3.78277E-05	4.91394E-06	15.38959503	-5.96105E-06	3.20936E-06
392	13.52121411	-3.61807E-05	7.67513E-06	-3.950257403	-3.63465E-05	4.5821E-06	17.47147151	1.65822E-07	3.09304E-06
393	15.44434705	1.02683E-05	6.66416E-07	-4.066088365	1.32353E-05	1.78801E-06	19.51043541	-2.96701E-06	-1.1216E-06
394	17.5196381	-6.39018E-07	3.21592E-05	-3.959779288	-8.491E-07	3.73538E-05	21.47941739	2.10082E-07	-5.19458E-06
395	19.71568074	-2.39573E-05	2.02435E-05	-3.636654508	-2.71609E-05	1.84769E-05	23.35233525	3.2037E-06	1.76659E-06
396	22.00230102	-2.66649E-05	1.49392E-06	-3.102015736	-2.31122E-05	-2.19027E-06	25.10431676	-3.55269E-06	3.6842E-06
397	24.35013372	-3.39617E-05	2.43426E-05	-2.36251166	-2.57346E-05	1.08418E-05	26.71264538	-8.22714E-06	1.35008E-05
398	26.73235132	-3.06815E-06	1.78906E-05	-1.424855513	4.67067E-07	1.57127E-05	28.15720683	-3.53522E-06	2.17794E-06
399	29.12491803	-1.57763E-05	9.8472E-06	-0.295677037	-1.53196E-05	1.15566E-05	29.42059507	-4.56642E-07	-1.70943E-06
400	31.50719873	-1.09771E-05	8.88714E-07	1.017828493	-1.07645E-05	8.08804E-06	30.48937024	-2.12539E-07	-7.19933E-06
401	33.86235701	3.06778E-07	1.44524E-05	2.509382391	5.89086E-06	-3.19182E-06	31.35297462	-5.58408E-06	1.76442E-05
402	36.17450337	3.8832E-05	9.58923E-05	4.169082008	3.69828E-05	9.28809E-05	32.00542136	1.84921E-06	3.01139E-06
403	38.43553202	-3.2512E-05	2.80236E-05	5.991195878	-3.15532E-05	2.85022E-05	32.44433614	-9.58818E-07	-4.78539E-07
404	40.6374337	-3.72923E-06	-3.29613E-05	7.965763769	3.17731E-06	-3.54039E-05	32.67166993	-6.90655E-06	2.44266E-06
405	42.77866869	-4.01295E-05	-1.86354E-05	10.08567518	-3.96847E-05	-1.25283E-05	32.69299352	-4.44748E-07	-6.1071E-06
406	44.85850104	5.24173E-05	4.96112E-05	12.34038204	5.42109E-05	4.87608E-05	32.518119	-1.79358E-06	8.50376E-07
407	46.88299315	-1.69187E-05	6.01178E-06	14.72300353	-2.06818E-05	4.88981E-06	32.15998962	3.76309E-06	1.12198E-06
408	48.85706498	-2.2577E-05	-5.53056E-06	17.22199549	-2.05416E-05	-3.14708E-06	31.63506949	-2.03544E-06	-2.38348E-06
409	50.79067216	5.13544E-06	-1.61261E-05	19.82858602	7.15604E-06	-1.73365E-05	30.96208614	-2.0206E-06	1.21046E-06
410	52.69388024	-4.54475E-06	5.46863E-06	22.53158775	-7.7299E-06	8.45301E-06	30.16229249	3.18515E-06	-2.98439E-06
411	54.57898433	4.23649E-05	7.56889E-07	25.32048339	5.09528E-05	6.79901E-07	29.25850094	-8.58796E-06	7.69883E-08
412	56.4590729	-9.69218E-06	1.53174E-05	28.1847533	-1.96876E-06	1.26623E-05	28.27431961	-7.72342E-06	2.65511E-06
413	58.34556584	-6.65478E-07	-3.12468E-05	31.11143976	1.12619E-07	-2.14492E-05	27.23412608	-7.78097E-07	-9.79767E-06
414	60.25059898	-5.01951E-06	-1.91035E-05	34.0886229	-3.93989E-06	-1.7391E-05	26.16197608	-1.07963E-06	-1.71252E-06
415	62.18389224	-1.16855E-05	-6.62952E-06	37.10315409	-7.27023E-06	-6.28966E-06	25.08073814	-4.4153E-06	-3.39852E-07
416	64.153563	-3.42672E-05	4.46443E-05	40.14114001	-2.78479E-05	4.16105E-05	24.01242299	-6.41926E-06	3.03389E-06
417	66.16519464	1.83289E-05	3.24539E-05	43.18852696	2.37778E-05	3.60221E-05	22.97666767	-5.44896E-06	-3.56825E-06
418	68.22138314	-1.16823E-05	5.21504E-06	46.2301252	-8.61128E-06	9.7727E-07	21.99125794	-3.07103E-06	4.23777E-06
419	70.32233053	4.9043E-06	-9.03281E-06	49.25172519	6.26977E-06	-8.27715E-06	21.07060534	-1.36547E-06	-7.55659E-07
420	72.46501703	-1.02186E-05	-1.53342E-06	52.23796336	-1.11947E-05	-4.58708E-06	20.22705367	9.76082E-07	3.05366E-06
421	74.64179506	-1.97203E-05	1.75535E-07	55.17253044	-2.25799E-05	-3.7005E-06	19.46926462	2.8596E-06	3.87603E-06
422	76.84292423	2.36769E-06	1.63891E-05	58.04004869	-8.67903E-06	1.33691E-05	18.80287554	1.10467E-05	3.02006E-06
423	79.05587934	-6.44938E-05	2.58689E-05	60.82512985	-5.51564E-05	2.57622E-05	18.2307495	-9.33736E-06	1.06676E-07
424	81.26597923	7.4654E-05	-1.57619E-05	63.5134473	8.44384E-05	-1.41487E-05	17.75253194	-9.78435E-06	-1.61323E-06
425	83.45616809	-9.5613E-06	-6.31694E-06	66.09024621	-1.03739E-05	-5.46661E-06	17.36592187	8.12624E-07	-8.50324E-07
426	85.60780348	7.50019E-06	9.09836E-06	68.54196169	1.21584E-05	1.20258E-05	17.06584179	-4.65826E-06	-2.92748E-06
427	87.70151433	-2.3585E-05	2.62439E-05	70.85590455	-1.39746E-05	2.58583E-05	16.84560979	-9.61044E-06	3.85603E-07
428	89.71888594	-5.09525E-06	4.44105E-05	73.02190194	-2.61706E-06	4.65492E-05	16.69698399	-2.47819E-06	-2.13866E-06
429	91.64050655	-3.60405E-06	-1.25632E-06	75.0296101	3.44251E-07	6.2587E-06	16.61089645	-3.9483E-06	-7.51502E-06
430	93.44869464	-6.12339E-05	2.18604E-05	76.87109669	-5.41395E-05	1.4183E-05	16.57759795	-7.0944E-06	7.67735E-06
431	95.1270268	-7.6493E-06	1.55561E-05	78.54005631	-4.04945E-06	1.05713E-05	16.5869705	-3.59984E-06	4.98481E-06
432	96.66066635	4.81419E-06	3.88777E-06	80.0314926	-7.54923E-07	2.40479E-06	16.62917374	5.56911E-06	1.48299E-06
433	98.03735102	-4.85163E-05	-1.02928E-06	81.34272035	-5.31591E-05	8.3967E-06	16.69463068	4.6428E-06	-9.42598E-06
434	99.24720641	-1.34508E-05	2.61361E-05	82.47329823	-1.11807E-05	3.14295E-05	16.77390818	-2.27002E-06	-5.29341E-06
435	100.281742	2.20975E-05	-1.04216E-05	83.42331132	1.493E-05	-5.98425E-06	16.85843069	7.16752E-06	-4.43738E-06
436	101.1361008	-1.03614E-06	-2.72403E-05	84.19586416	-1.52435E-06	-2.50575E-05	16.94023661	4.88207E-07	-2.18285E-06
437	101.8071858	-1.94174E-05	4.76764E-05	84.79567038	-1.30546E-05	4.35957E-05	17.01151542	-6.36276E-06	4.08075E-06
438	102.2934264	-4.18696E-06	1.94576E-06	85.22832143	-1.95755E-07	4.57459E-06	17.06510496	-3.99121E-06	-2.62883E-06
439	102.595429	3.99266E-05	-1.96143E-05	85.50141389	3.40288E-05	-2.07546E-05	17.09401512	5.89783E-06	1.14028E-06
440	102.7159287	-7.57654E-06	2.51747E-05	85.62441934	3.35005E-06	1.59317E-05	17.09150933	-1.09266E-05	9.24301E-06
441	102.6584061	-4.74915E-05	4.5014E-05	85.60769873	-4.51554E-05	4.66473E-05	17.0507074	-2.33612E-06	-1.6333E-06
442	102.4272004	-3.18568E-05	-5.2089E-05	85.46234475	-3.21646E-05	-4.58496E-05	16.96485569	3.07867E-07	-6.23938E-06
443	102.0285943	3.72109E-05	-1.75162E-08	85.20144909	4.27091E-05	-5.63291E-06	16.82714525	-5.49823E-06	5.61539E-06
444	101.4689797	-4.75429E-05	-2.55488E-05	84.83857711	-4.72544E-05	-3.59832E-05	16.63040257	-2.88543E-07	1.04344E-05
445	100.7569648	-2.91294E-06	3.837E-06	84.38937738	-4.03847E-07	6.9839E-06	16.36758742	-2.50909E-06	-3.1469E-06
446	99.90042642	-1.30609E-06	1.89971E-05	83.86849692	-4.4025E-06	2.32091E-05	16.03192949	3.0964E-06	-4.21205E-06
447	98.908949	-6.4199E-06	2.60687E-05	83.29255075	-6.77765E-06	1.45767E-05	15.61639825	3.57746E-07	1.1492E-05
448	97.79370287	1.80754E-05	3.69068E-05	82.67832085	1.9384E-05	3.63349E-05	15.11538202	-1.30866E-06	5.71938E-07
449	96.5669101	-4.64541E-05	-1.06211E-05	82.04376673	-4.68954E-05	-1.21486E-05	14.52314337	4.413E-07	1.5275E-06
450	95.24134907	1.14627E-05	7.20051E-06	81.40586243	2.03115E-05	7.85859E-06	13.83548664	-8.84881E-06	-6.58078E-07
451	93.83270822	-7.25029E-06	-6.85064E-06	80.78339974	-7.40796E-06	-9.58928E-06	13.04930848	1.57672E-07	2.73864E-06
452	92.35884922	-8.09758E-06	8.73506E-06	80.19555307	-7.10665E-06	7.11094E-06	12.16329616	-9.90929E-07	1.62412E-06
453	90.83785943	-1.45905E-05	1.65737E-05	79.66004782	-1.00855E-05	1.93955E-05	11.17781161	-4.50493E-06	-2.82179E-06
454	89.29204416	2.82887E-05	-9.71148E-06	79.19696031	3.7092E-05	-1.05062E-05	10.09508384	-8.80331E-06	7.94694E-07
455	87.74308053	-2.69746E-06	7.94998E-06	78.82368969	1.25186E-06	1.0959E-05	8.919390842	-3.94932E-06	-3.00901E-06
456	86.21666091	-1.71104E-05	-2.13805E-05	78.55908587	-1.58785E-05	-8.01512E-06	7.657575046	-1.23199E-06	-1.33654E-05
457	84.73931953	6.81377E-05	4.77253E-05	78.42178972	8.39676E-05	5.09838E-05	6.317529812	-1.58298E-05	-3.25843E-06
458	83.3379642	2.11352E-05	-2.84735E-05	78.42837567	8.37073E-06	-3.00218E-05	4.909588534	1.27644E-05	1.54834E-06
459	82.04141086	-4.39009E-05	-6.78174E-06	78.59605657	-5.84358E-05	-1.57396E-05	3.445354285	1.4535E-05	8.95788E-06
460	80.87785068	2.57547E-05	1.47868E-05	78.93944228	3.26069E-05	1.36143E-05	1.938408399	-6.85221E-06	1.17252E-06
461	79.87536425	-3.47715E-05	6.03553E-06	79.47331034	-3.58754E-05	6.9928E-06	0.402053903	1.10395E-06	-9.57264E-07
462	79.0606811	2.9341E-05	-1.14088E-05	80.20967184	3.53681E-05	-8.88597E-06	-1.14899074	-6.02712E-06	-2.52285E-06
463	78.45927011	-9.86356E-05	-5.81454E-05	81.15942563	-9.49823E-05	-5.59637E-05	-2.700155523	-3.65327E-06	-2.1817E-06
464	78.09446052	1.75296E-05	-4.70359E-05	82.33155977	1.7698E-05	-5.0047E-05	-4.237099245	-1.68375E-07	3.01113E-06
465	77.98623657	-5.11572E-05	-2.05975E-05	83.73247542	-4.57031E-05	-2.08269E-05	-5.746238853	-5.45417E-06	2.29379E-07
466	78.15107164	-4.11662E-05	1.42266E-05	85.36592638	-4.48963E-05	1.24299E-05	-7.214854746	3.73011E-06	1.79667E-06
467	78.60180561	-2.80906E-06	7.61442E-06	87.23326248	-2.37645E-06	7.58849E-06	-8.631456869	-4.32614E-07	2.593E-08
468	79.34914114	-6.27498E-06	-5.37883E-06	89.33532499	-2.02977E-06	-1.57652E-06	-9.986183853	-4.24521E-06	-3.80231E-06
469	80.39563878	4.57591E-06	2.22795E-05	91.66585028	5.94262E-06	1.10604E-05	-11.2702115	-1.36671E-06	1.12191E-05
470	81.7433376	5.05591E-05	2.68871E-05	94.22064104	5.6855E-05	1.95288E-05	-12.47730344	-6.29589E-06	7.35832E-06
471	83.38800751	-4.58481E-06	-1.04795E-05	96.99016679	-1.18049E-05	-8.45309E-06	-13.60215928	7.22011E-06	-2.02642E-06
472	85.32098532	-1.69198E-05	-3.78903E-06	99.96263995	-1.26303E-05	-4.45344E-06	-14.64165463	-4.28952E-06	6.64414E-07
473	87.53136951	-3.96288E-05	-3.8039E-06	103.1256756	-4.14718E-05	-2.86759E-06	-15.59430607	1.84301E-06	-9.36303E-07
474	90.00179991	9.33653E-06	-5.44174E-06	106.4620823	1.09107E-05	8.28927E-08	-16.46028243	-1.57416E-06	-5.52463E-06
475	92.71425798	2.17883E-06	-1.45899E-05	109.9559931	2.76792E-06	-1.22666E-05	-17.24173514	-5.89085E-07	-2.32322E-06
476	95.64487031	8.41464E-06	-4.76452E-06	113.5869665	2.64106E-06	-5.60308E-06	-17.94209617	5.77358E-06	8.38562E-07
477	98.76895054	1.31265E-05	-9.72491E-06	117.3359897	1.48109E-05	-2.4211E-06	-18.56703919	-1.68439E-06	-7.30381E-06
478	102.0575074	-8.85803E-06	3.39797E-05	121.181063	-1.15352E-05	3.59939E-05	-19.12355564	2.6772E-06	-2.01424E-06
479	105.4795065	2.74356E-05	-1.10434E-05	125.1002334	3.67982E-05	-1.78811E-05	-19.62072691	-9.36267E-06	6.83778E-06
480	109.0016097	-1.13658E-05	-4.32949E-05	129.0710568	-6.61518E-06	-4.19531E-05	-20.06944714	-4.75064E-06	-1.34173E-06
481	112.5885408	-9.68194E-05	-6.95527E-06	133.0711285	-9.35879E-05	-4.03154E-06	-20.48258778	-3.23158E-06	-2.92372E-06
482	116.2011862	-8.62141E-06	5.86217E-05	137.0760551	-2.25361E-06	5.8948E-05	-20.87486891	-6.3678E-06	-3.26274E-07
483	119.8017959	1.86039E-05	8.45748E-06	141.0651009	1.92876E-05	5.13484E-06	-21.26330499	-6.837E-07	3.32264E-06
484	123.34748	-3.69269E-06	2.89966E-06	145.0136017	-6.00008E-06	-4.5023E-07	-21.66612175	2.30739E-06	3.34989E-06
485	126.7979083	2.67643E-05	-4.2661E-05	148.9021886	2.92362E-05	-4.13631E-05	-22.10428032	-2.47197E-06	-1.29791E-06
486	130.1082863	-5.49743E-06	-9.96551E-06	152.7074857	-5.80453E-06	-7.58392E-06	-22.59919947	3.07103E-07	-2.38159E-06
487	133.2352492	-1.13224E-05	1.19119E-05	156.409284	-1.18632E-05	1.28088E-05	-23.17403486	5.40762E-07	-8.96864E-07
488	136.1347995	-1.61799E-06	7.17719E-06	159.9868695	-3.38335E-06	5.84566E-06	-23.85207	1.76536E-06	1.33154E-06
489	138.7651272	2.33881E-05	-4.49103E-05	163.4217199	2.69021E-05	-3.9195E-05	-24.6565927	-3.51405E-06	-5.71527E-06
490	141.0841031	-2.96694E-05	-2.04023E-05	166.6937819	-2.93783E-05	-2.37775E-05	-25.60967881	-2.91148E-07	3.37521E-06
491	143.0536934	7.60006E-06	-1.68093E-05	169.7852111	5.42446E-06	-2.09438E-05	-26.73151762	2.1756E-06	4.13452E-06
492	144.6403758	-4.73342E-05	3.43702E-05	172.6799106	-3.71753E-05	2.74829E-05	-28.03953481	-1.01589E-05	6.88724E-06
493	145.8140122	-5.18651E-05	6.30567E-05	175.3605728	-5.03755E-05	6.74404E-05	-29.54656061	-1.48959E-06	-4.38374E-06
494	146.5519774	-1.25324E-05	3.0185E-05	177.8125237	-1.72492E-05	3.27861E-05	-31.26054637	4.71676E-06	-2.60108E-06
495	146.8362823	-1.15712E-05	8.15217E-05	180.0191865	-1.29935E-05	6.92979E-05	-33.18290415	1.4223E-06	1.22238E-05
496	146.6600559	-1.31738E-05	4.17501E-05	181.9681412	-2.11588E-05	3.94269E-05	-35.3080853	7.98496E-06	2.32325E-06
497	146.0227277	-1.18706E-06	-5.08069E-06	183.6453255	-1.60691E-06	-3.56996E-06	-37.62259781	4.19848E-07	-1.51073E-06
498	144.933281	-2.54039E-05	-3.54354E-05	185.0381971	-2.51797E-05	-4.32322E-05	-40.10491608	-2.24291E-07	7.7968E-06
499	143.4102618	-1.70697E-06	7.64136E-06	186.1351804	-1.66429E-06	6.23254E-06	-42.72491862	-4.26751E-08	1.40883E-06
500	141.4808377	2.2429E-05	7.07281E-06	186.9252714	2.59697E-05	1.14904E-05	-45.44443366	-3.54076E-06	-4.41763E-06
501	139.1818488	-3.47355E-05	5.04802E-05	187.4003794	-3.73568E-05	4.75084E-05	-48.21853057	2.62135E-06	2.97176E-06
502	136.5544474	1.24994E-05	4.77761E-07	187.5499876	1.34552E-05	7.12965E-07	-50.99554016	-9.55822E-07	-2.35204E-07
503	133.6490519	4.29451E-05	-5.05017E-05	187.3685497	3.8541E-05	-5.37681E-05	-53.71949783	4.40403E-06	3.26637E-06
504	130.5188177	-5.64177E-05	-1.24242E-06	186.8501918	-5.29116E-05	6.16283E-07	-56.3313741	-3.5061E-06	-1.8587E-06
505	127.2199211	8.01315E-07	3.52653E-06	185.9913951	1.0408E-07	7.69741E-07	-58.77147405	6.97236E-07	2.75679E-06
506	123.809055	4.00523E-05	3.89004E-05	184.790083	4.23616E-05	3.17304E-05	-60.98102804	-2.30923E-06	7.16992E-06
507	120.3424882	-7.22964E-06	-6.11819E-06	183.2474061	-6.80582E-06	-4.25963E-06	-62.90491792	-4.23826E-07	-1.85856E-06
508	116.8725395	-3.72257E-05	-2.33336E-06	181.3662116	-3.57756E-05	2.22735E-06	-64.49367212	-1.45016E-06	-4.56071E-06
509	113.4469839	-4.23038E-05	1.03493E-05	179.1518688	-4.56598E-05	1.42973E-05	-65.70488491	3.35601E-06	-3.94804E-06
510	110.1063255	2.0427E-05	3.3746E-05	176.6121403	1.77781E-05	3.79064E-05	-66.50581486	2.64895E-06	-4.16036E-06
511	106.8839958	-1.42849E-05	-2.01824E-06	173.7576657	-1.15615E-05	-1.71891E-06	-66.87366987	-2.72341E-06	-2.99334E-07
512	103.8042819	3.2097E-06	2.52852E-06	170.6017975	9.97943E-07	1.88816E-06	-66.79751554	2.21176E-06	6.40354E-07
513	100.8833433	-7.90908E-06	1.96837E-06	167.1611925	-8.68785E-06	-5.8935E-07	-66.27784914	7.78774E-07	2.55772E-06
514	98.12522391	5.06636E-05	1.60085E-05	163.4525805	4.98036E-05	1.00309E-05	-65.3273566	8.5993E-07	5.97762E-06
515	95.5277846	-5.45265E-05	-2.93265E-06	159.4982411	-5.71552E-05	-2.18731E-06	-63.97045652	2.62871E-06	-7.4534E-07
516	93.07787451	9.80157E-06	1.46757E-05	155.3198302	9.62483E-06	7.99269E-06	-62.24195566	1.76736E-07	6.68306E-06
517	90.75410304	1.73377E-05	-4.52362E-05	150.9406904	1.84773E-05	-4.99938E-05	-60.18658737	-1.13957E-06	4.75756E-06
518	88.53006685	4.60809E-06	-4.46113E-05	146.387164	-5.69793E-06	-4.3519E-05	-57.85709717	1.0306E-05	-1.09229E-06
519	86.37408922	1.87253E-05	1.63124E-05	141.6869612	1.12326E-05	1.84137E-05	-55.312872	7.49267E-06	-2.10125E-06
520	84.24820768	-7.60955E-06	-2.72862E-05	136.8655501	-7.11553E-06	-2.51334E-05	-52.61734243	-4.94017E-07	-2.15288E-06
521	82.11577618	-5.72394E-06	3.59266E-06	131.9528868	-5.96034E-06	4.8057E-06	-49.8371106	2.36407E-07	-1.21304E-06
522	79.93702252	1.67588E-05	-3.26682E-06	126.9758302	1.53974E-05	-5.11893E-06	-47.03880767	1.36146E-06	1.85211E-06
523	77.67544167	3.5568E-05	4.24845E-05	121.9625991	4.77569E-05	4.30413E-05	-44.28715744	-1.21889E-05	-5.56891E-07
524	75.29582703	-3.39837E-05	2.41788E-05	116.9399863	-2.91083E-05	3.13974E-05	-41.64415925	-4.87539E-06	-7.21862E-06
525	72.7691536	1.91861E-05	-4.78706E-06	111.9349103	6.56492E-06	-2.93173E-06	-39.16575667	1.26212E-05	-1.85533E-06
526	70.0708762	-2.02359E-05	-6.31437E-06	106.9723703	-2.27825E-05	-2.68155E-06	-36.90149408	2.54659E-06	-3.63282E-06
527	67.18363237	-2.27861E-05	-2.81585E-05	102.0763153	-2.11891E-05	-2.53449E-05	-34.8926829	-1.59703E-06	-2.81356E-06
528	64.09713942	3.38996E-05	6.08664E-06	97.2683815	3.62567E-05	2.54699E-06	-33.17124208	-2.35706E-06	3.53964E-06
529	60.81073904	-1.26054E-05	-6.01956E-05	92.57039671	-1.17188E-05	-5.31996E-05	-31.75965767	-8.86684E-07	-6.99601E-06
530	57.33082014	-1.82008E-05	-2.02761E-06	88.00099505	-1.62401E-05	-2.84497E-06	-30.67017491	-1.96074E-06	8.17365E-07
531	53.6726223	1.42293E-05	5.34007E-05	83.577239	1.18572E-05	4.70374E-05	-29.9046167	2.37202E-06	6.36324E-06
532	49.85838177	-2.79101E-05	2.27955E-06	79.31371743	-3.14497E-05	6.37864E-06	-29.45533566	3.53961E-06	-4.0991E-06
533	45.91984353	-3.78506E-05	-1.27361E-05	75.22507522	-4.12204E-05	-7.30979E-06	-29.30523169	3.36974E-06	-5.42634E-06
534	41.89371951	-8.6865E-06	4.45962E-05	71.32253659	-7.83619E-06	4.03218E-05	-29.42881708	-8.50309E-07	4.27433E-06
535	37.82328127	-1.75437E-05	1.4335E-05	67.61687621	-1.98714E-05	1.29917E-05	-29.79359494	2.32776E-06	1.34328E-06
536	33.7550034	-1.08188E-05	-3.07841E-05	64.11560095	-1.24557E-05	-2.80897E-05	-30.36059755	1.6369E-06	-2.69436E-06
537	29.73972705	1.42858E-05	-1.75815E-05	60.82583776	7.68903E-06	-2.03105E-05	-31.08611072	6.59675E-06	2.72901E-06
538	25.82982037	2.52645E-05	-9.03203E-06	57.75339805	2.26549E-05	-6.11513E-06	-31.92357768	2.60955E-06	-2.9169E-06
539	22.07917433	1.01784E-06	-2.90154E-05	54.90307863	2.0146E-06	-2.60322E-05	-32.8239043	-9.96757E-07	-2.98318E-06
540	18.53935232	-1.08663E-05	-2.16966E-05	52.27709231	-1.7822E-05	-2.51373E-05	-33.73773998	6.95571E-06	3.44071E-06
541	15.26196126	3.179E-05	9.13136E-06	49.87837628	2.96856E-05	5.41488E-06	-34.61641502	2.10439E-06	3.71647E-06
542	12.29444545	-2.94896E-05	-2.88238E-07	47.70734964	-2.97254E-05	9.90445E-07	-35.41290419	2.35783E-07	-1.27868E-06
543	9.680570135	3.67959E-06	1.74777E-05	45.7639887	4.30283E-06	1.89219E-05	-36.08341857	-6.23237E-07	-1.44417E-06
544	7.459442384	-1.02877E-05	-1.42033E-05	44.0471759	-9.83777E-06	-1.17937E-05	-36.58773352	-4.49981E-07	-2.4096E-06
545	5.664495174	9.09408E-06	-2.43596E-05	42.55489156	3.38844E-06	-2.25035E-05	-36.89039638	5.70563E-06	-1.85606E-06
546	4.322878401	-4.15295E-05	-6.33876E-06	41.28422708	-3.95935E-05	-4.85568E-06	-36.96134868	-1.93602E-06	-1.48308E-06
547	3.454689359	-4.50651E-06	-4.8641E-05	40.23080343	-2.32846E-06	-5.03027E-05	-36.77611407	-2.17804E-06	1.66169E-06
548	3.072813673	5.74051E-07	-7.79362E-06	39.38906449	6.08417E-06	-6.52673E-06	-36.31625082	-5.51012E-06	-1.26689E-06
549	3.183513704	1.50139E-05	7.18143E-05	38.75350104	2.04329E-05	7.78555E-05	-35.56998733	-5.41895E-06	-6.04122E-06
550	3.784354196	-5.70832E-05	-5.99619E-05	38.3160271	-5.64684E-05	-5.15796E-05	-34.53167291	-6.14783E-07	-8.38232E-06
551	4.866580485	7.236E-06	-1.35263E-05	38.06881847	8.42153E-06	-1.47767E-05	-33.20223798	-1.18554E-06	1.25036E-06
552	6.412696697	-6.40379E-06	-2.85248E-05	38.00163243	-1.9694E-07	-1.55592E-05	-31.58893574	-6.20685E-06	-1.29655E-05
553	8.399441887	-4.09841E-06	-1.5207E-05	38.1043056	-7.4482E-06	-1.26031E-05	-29.70486372	3.34979E-06	-2.60391E-06
554	10.7973082	1.05166E-05	3.32186E-05	38.36625831	1.92989E-05	4.08486E-05	-27.56895011	-8.78226E-06	-7.62998E-06
555	13.56872541	0.000111585	4.85479E-05	38.77400279	0.0001145	5.06184E-05	-25.20527739	-2.91425E-06	-2.07045E-06
556	16.6718869	-4.67278E-05	3.85748E-05	39.31463523	-5.14797E-05	4.40258E-05	-22.64274832	4.75195E-06	-5.45095E-06
557	20.05941749	-2.99107E-06	3.00537E-05	39.9734506	1.62483E-06	3.32301E-05	-19.91403311	-4.6159E-06	-3.17635E-06
558	23.68085498	8.39907E-06	-3.74547E-05	40.73605057	4.68871E-06	-3.81269E-05	-17.0551956	3.71037E-06	6.72237E-07
559	27.48133958	1.21926E-06	7.55877E-05	41.58652019	2.17589E-06	7.42903E-05	-14.10518061	-9.56636E-07	1.29743E-06
560	31.40453462	2.03508E-05	-4.81717E-05	42.50861912	1.7311E-05	-4.33099E-05	-11.1040845	3.03984E-06	-4.86181E-06
561	35.39208173	2.84396E-05	4.11227E-05	43.48555058	2.57965E-05	4.75188E-05	-8.093468843	2.6431E-06	-6.39603E-06
562	39.38683486	-2.32421E-06	3.633E-06	44.50163517	4.2982E-06	2.46073E-06	-5.114800308	-6.62241E-06	1.17227E-06
563	43.33001089	1.49523E-05	-9.5496E-06	45.53841387	1.91012E-05	-1.91647E-05	-2.208402984	-4.14897E-06	9.61513E-06
564	47.16599964	-4.56714E-05	-1.54482E-05	46.57949659	-5.03336E-05	-9.63971E-06	0.586503051	4.66215E-06	-5.80847E-06
565	50.84157856	-1.33378E-05	1.55493E-05	47.60809759	-1.21412E-05	1.47026E-05	3.233480969	-1.19655E-06	8.46743E-07
566	54.30644144	4.4392E-05	-4.6493E-06	48.60753367	3.45913E-05	9.18645E-07	5.698907774	9.80064E-06	-5.56794E-06
567	57.51598034	-4.36582E-05	2.2552E-05	49.56308941	-5.02844E-05	1.64923E-05	7.952890931	6.62621E-06	6.05966E-06
568	60.42909132	3.12587E-06	9.97464E-06	50.45899603	7.63599E-06	8.50011E-06	9.970095288	-4.51012E-06	1.47453E-06
569	63.01140186	5.40969E-05	1.66293E-06	51.28168359	4.99142E-05	-2.66962E-06	11.72971827	4.18264E-06	4.33256E-06
570	65.23422287	0.000105954	-2.03082E-05	52.0181415	0.000104263	-1.42499E-05	13.21608136	1.69146E-06	-6.05835E-06
571	67.07615287	-5.92557E-05	6.03496E-06	52.65726769	-5.58901E-05	8.60188E-06	14.41888518	-3.36555E-06	-2.56692E-06
572	68.52255101	-6.07602E-05	1.13714E-05	53.18916542	-7.06257E-05	9.21994E-06	15.33338558	9.86552E-06	2.1515E-06
573	69.56617703	-3.98389E-07	-1.12314E-05	53.60580225	-4.15319E-06	-1.16218E-05	15.96037478	3.75481E-06	3.90387E-07
574	70.20613194	1.33237E-05	3.5603E-05	53.9001982	5.12207E-06	3.61211E-05	16.30593374	8.20159E-06	-5.1812E-07
575	70.45043277	-2.72227E-05	-7.21596E-06	54.06893019	-2.81069E-05	-7.00533E-06	16.38150258	8.84266E-07	-2.10626E-07
576	70.31164554	5.84846E-06	-1.15122E-05	54.1084756	-2.00099E-06	-1.21063E-05	16.20316993	7.84945E-06	5.94083E-07
577	69.81085564	-2.38601E-05	-4.18917E-05	54.0192151	-2.93555E-05	-3.73607E-05	15.79164054	5.49536E-06	-4.53103E-06
578	68.97385423	-8.61293E-06	-2.07516E-05	53.80256291	-8.4885E-06	-1.95474E-05	15.17129133	-1.24425E-07	-1.20418E-06
579	67.83208552	-1.81461E-05	-2.1619E-05	53.46213457	-1.90487E-05	-1.98222E-05	14.36995096	9.02638E-07	-1.79677E-06
580	66.42334956	-6.48058E-06	5.12926E-05	53.00575327	-5.95513E-06	4.40845E-05	13.41759629	-5.25451E-07	7.20816E-06
581	64.78632625	-8.353E-05	6.74111E-06	52.44070168	-8.53929E-05	-8.24479E-07	12.34562457	1.86293E-06	7.56559E-06
582	62.96316986	-9.21888E-06	6.9381E-08	51.77673241	-8.49431E-06	-1.47381E-06	11.18643745	-7.24566E-07	1.5432E-06
583	61.00147333	6.8987E-06	-8.5359E-07	51.02930586	2.1446E-06	3.87005E-06	9.972167467	4.75411E-06	-4.72364E-06
584	58.94437854	5.37874E-05	-6.57411E-05	50.21103204	4.79297E-05	-6.33035E-05	8.733346508	5.85767E-06	-2.43754E-06
585	56.83870415	2.42697E-05	4.70159E-05	49.33997482	2.55599E-05	4.09245E-05	7.498729332	-1.29022E-06	6.09139E-06
586	54.72962583	-6.4719E-06	-4.94342E-05	48.43535145	-9.99E-06	-4.76244E-05	6.294274374	3.5181E-06	-1.80976E-06
587	52.6593913	-1.30769E-05	-4.26487E-05	47.51731422	-7.75228E-06	-4.72001E-05	5.142077082	-5.32457E-06	4.55136E-06
588	50.66866323	-2.5334E-06	5.10413E-05	46.60821481	-2.83038E-06	4.95353E-05	4.060448419	2.96978E-07	1.50601E-06
589	48.79363252	8.06539E-05	-2.14171E-06	45.73087271	8.83347E-05	2.64573E-06	3.062759809	-7.68078E-06	-4.78744E-06
590	47.06871481	1.06578E-05	2.14626E-06	44.91067383	1.18352E-05	-1.20776E-06	2.158040983	-1.17747E-06	3.35402E-06
591	45.52136702	-7.68888E-06	-1.49602E-06	44.17069798	-7.09221E-06	-1.93213E-06	1.35066904	-5.96671E-07	4.36107E-07
592	44.17655218	-1.56539E-05	5.3064E-06	43.53617219	-1.88676E-05	1.69392E-05	0.640379999	3.21366E-06	-1.16328E-05
593	43.05425828	3.41173E-05	2.46893E-05	43.03106849	4.84629E-05	2.66951E-05	0.023189792	-1.43456E-05	-2.00584E-06
594	42.17070618	-1.65562E-05	-5.07054E-05	42.67905841	-1.27916E-05	-5.5068E-05	-0.50835223	-3.76456E-06	4.36253E-06
595	41.53697576	-6.74146E-06	-2.01294E-05	42.50088479	-6.03033E-06	-1.70891E-05	-0.963909027	-7.11125E-07	-3.04035E-06
596	41.16318689	-4.87763E-05	1.78729E-05	42.5180407	-4.60512E-05	1.79306E-05	-1.354853814	-2.7251E-06	-5.7713E-08
597	41.05278633	-4.04336E-06	-2.09556E-05	42.74580942	-4.06237E-06	-1.78377E-05	-1.693023093	1.90123E-08	-3.11787E-06
598	41.20971093	1.67901E-05	1.82506E-06	43.19979529	1.85192E-05	2.98211E-06	-1.99008436	-1.72919E-06	-1.15705E-06
599	41.63533391	-2.82114E-05	5.90661E-06	43.89155814	-2.90782E-05	-2.21243E-06	-2.256224235	8.66835E-07	8.11904E-06
600	42.32948667	1.41922E-05	-4.52586E-07	44.82895372	1.14488E-05	-6.43595E-07	-2.499467052	2.7434E-06	1.91009E-07
601	43.29130359	2.97997E-05	6.00335E-05	46.01646601	3.02865E-05	6.45456E-05	-2.725162411	-4.86757E-07	-4.5121E-06
602	44.51946232	8.35881E-05	-7.98988E-05	47.45505176	8.70084E-05	-8.23506E-05	-2.935589432	-3.42033E-06	2.45186E-06
603	46.01312321	-7.02061E-06	-9.53073E-06	49.1424274	-3.62426E-06	-8.38142E-06	-3.129304185	-3.39635E-06	-1.14931E-06
604	47.77091046	5.35859E-05	4.14044E-06	51.07269008	6.09086E-05	1.25992E-05	-3.301779625	-7.3227E-06	-8.45875E-06
605	49.79162962	-2.40085E-06	5.84069E-06	53.23686365	-1.1318E-06	5.50096E-06	-3.445234025	-1.26905E-06	3.39732E-07
606	52.07377064	-1.91507E-05	2.38002E-05	55.62308984	-1.73857E-05	2.436E-05	-3.549319203	-1.76498E-06	-5.59797E-07
607	54.61468922	-1.17513E-06	2.07075E-06	58.21646617	3.62281E-06	4.78375E-06	-3.601776952	-4.79794E-06	-2.71301E-06
608	57.41216174	-1.38442E-05	1.70949E-06	61.00125757	-9.04065E-06	-3.79892E-08	-3.589095833	-4.80355E-06	1.74748E-06
609	60.46143807	-3.63817E-05	-3.21149E-05	63.95926448	-4.06035E-05	-3.87087E-05	-3.497826411	4.22178E-06	6.59376E-06
610	63.75640149	2.2363E-05	-1.74017E-05	67.07110545	2.63574E-05	-1.33937E-05	-3.314703964	-3.99443E-06	-4.00797E-06
611	67.28673997	7.12113E-05	5.0098E-05	70.3154626	7.93369E-05	4.56941E-05	-3.028722621	-8.12552E-06	4.40392E-06
612	71.04061505	2.66417E-06	-1.92236E-06	73.67142491	3.41512E-06	-1.30841E-07	-2.630809851	-7.50953E-07	-1.79151E-06
613	75.00255335	-3.20804E-07	-6.37515E-06	77.11778458	-4.52339E-06	-6.81255E-06	-2.115231225	4.20258E-06	4.37404E-07
614	79.15186244	-1.63138E-05	-4.0447E-05	80.63202971	-1.30463E-05	-3.3785E-05	-1.48016727	-3.26748E-06	-6.66199E-06
615	83.46506449	1.99389E-05	1.70073E-05	84.19297976	1.44208E-05	1.13068E-05	-0.727915266	5.51814E-06	5.7005E-06
616	87.91397396	4.91276E-05	-1.02958E-05	87.77873273	5.43957E-05	-1.03235E-05	0.135241228	-5.26804E-06	2.76842E-08
617	92.46695696	-1.80785E-06	-1.85918E-06	91.36847479	-3.7118E-06	2.29931E-06	1.098482168	1.90395E-06	-4.15849E-06
618	97.08896185	1.29704E-06	1.19187E-05	94.94171481	-1.23511E-06	9.0646E-06	2.147247042	2.53215E-06	2.85412E-06
619	101.7421386	-3.02294E-05	-5.57984E-06	98.4788973	-3.64533E-05	8.81964E-07	3.263241282	6.22395E-06	-6.46181E-06
620	106.385326	3.20137E-05	6.03151E-06	101.9595859	2.81963E-05	6.80407E-06	4.425740094	3.81742E-06	-7.72559E-07
621	110.9790385	1.58697E-05	4.86273E-05	105.3678247	7.94974E-06	5.18973E-05	5.61121377	7.91994E-06	-3.26998E-06
622	115.4796358	9.76439E-06	-9.13338E-07	108.6844818	6.91051E-06	-1.60359E-06	6.795153992	2.85388E-06	6.90251E-07
623	119.8466132	-3.79767E-05	-5.08259E-05	111.893904	-4.1014E-05	-4.95496E-05	7.952709255	3.03727E-06	-1.2763E-06
624	124.04112	6.99103E-06	1.28855E-05	114.9822036	-3.86772E-06	9.61709E-06	9.058916371	1.08588E-05	3.26843E-06
625	128.0251427	2.48887E-05	-3.2291E-06	117.934591	2.33244E-05	-2.66264E-06	10.09055164	1.56436E-06	-5.66456E-07
626	131.7652377	2.53678E-05	4.54215E-05	120.7394063	2.96745E-05	4.76572E-05	11.02583133	-4.30671E-06	-2.23573E-06
627	135.2310602	3.43136E-05	-2.38972E-05	123.3854088	3.58744E-05	-2.68274E-05	11.84565136	-1.56078E-06	2.93018E-06
628	138.3973015	3.94519E-05	1.36768E-05	125.8633037	3.69594E-05	5.8608E-06	12.53399778	2.49255E-06	7.81599E-06
629	141.242391	1.9765E-05	-2.48849E-05	128.1641248	1.68696E-05	-3.35213E-05	13.07826618	2.89543E-06	8.63641E-06
630	143.752018	1.30056E-05	-3.05796E-05	130.2827966	2.90252E-06	-2.63214E-05	13.46922141	1.01031E-05	-4.2582E-06
631	145.9140489	6.94597E-05	-3.19229E-06	132.2125839	7.01894E-05	8.64084E-07	13.70146505	-7.29741E-07	-4.05638E-06
632	147.7234582	5.18011E-05	7.76616E-07	133.9500848	5.08887E-05	1.27017E-06	13.77337336	9.12408E-07	-4.93552E-07
633	149.1802786	-1.77378E-06	1.25229E-05	135.4937482	-3.51074E-06	1.3729E-05	13.68653043	1.73696E-06	-1.20615E-06
634	150.2881956	3.01851E-05	5.14804E-06	136.8421804	3.81033E-05	2.89979E-06	13.44601521	-7.91811E-06	2.24825E-06
635	151.0564693	-5.55545E-05	1.6187E-05	137.9963372	-5.6735E-05	1.25608E-05	13.06013216	1.18055E-06	3.62626E-06
636	151.4971695	-1.67044E-05	-1.36844E-05	138.9570404	-1.80192E-05	-1.46594E-05	12.5401291	1.31482E-06	9.74999E-07
637	151.6271494	-3.1824E-05	-0.000136229	139.7283202	-2.52457E-05	-0.00013838	11.89882923	-6.5783E-06	2.1508E-06
638	151.4661058	7.62864E-05	2.27564E-05	140.3141596	7.95219E-05	1.83861E-05	11.15194626	-3.23554E-06	4.37035E-06
639	151.0368818	-2.97974E-05	-1.7231E-05	140.7204387	-3.62091E-05	-2.31772E-05	10.31644307	6.4117E-06	5.94613E-06
640	150.3648702	-3.55334E-05	-1.30497E-05	140.9543368	-3.56115E-05	-1.08283E-05	9.410533378	7.81519E-08	-2.22133E-06
641	149.476396	-1.99814E-05	6.19777E-05	141.0231792	-2.28456E-05	6.58707E-05	8.453216732	2.86423E-06	-3.89309E-06
642	148.4001889	-7.47328E-05	-4.39979E-05	140.936458	-6.84407E-05	-4.76922E-05	7.463730917	-6.29207E-06	3.69423E-06
643	147.1662778	4.75445E-05	-2.8894E-05	140.7051602	4.25246E-05	-2.99845E-05	6.461117658	5.01994E-06	1.0905E-06
644	145.8036881	4.41205E-06	-3.42918E-06	140.3400018	4.49023E-06	-8.8241E-07	5.463686353	-7.81755E-08	-2.54677E-06
645	144.3420026	4.7144E-05	-7.27426E-06	139.853409	4.94625E-05	-2.36319E-06	4.488593638	-2.31853E-06	-4.91107E-06
646	142.8104765	1.07082E-05	6.3331E-05	139.259506	1.16007E-05	6.14934E-05	3.550970548	-8.9246E-07	1.83761E-06
647	141.2364639	4.25847E-05	-3.87091E-05	138.5725368	3.97847E-05	-3.89545E-05	2.663927103	2.79999E-06	2.45437E-07
648	139.6443305	-1.90574E-05	-7.07201E-06	137.8065149	-1.8148E-05	-9.48466E-06	1.837815647	-9.09359E-07	2.41265E-06
649	138.0583652	-2.35656E-06	2.27546E-05	136.9786651	-5.25295E-06	3.06285E-05	1.079700023	2.89639E-06	-7.87396E-06
650	136.4973732	-4.88136E-06	4.82598E-06	136.1043156	-2.21282E-07	-3.56375E-07	0.393057621	-4.66008E-06	5.18236E-06
651	134.9784329	-4.33194E-07	3.2238E-06	135.2004863	5.85277E-09	8.61849E-06	-0.222053379	-4.39047E-07	-5.3947E-06
652	133.5149209	2.98078E-05	8.52677E-06	134.2846926	3.12682E-05	7.45967E-06	-0.769771709	-1.46036E-06	1.0671E-06
653	132.1153808	5.74181E-05	-3.25623E-05	133.3732243	5.93772E-05	-3.03629E-05	-1.257843542	-1.95905E-06	-2.19947E-06
654	130.7873036	-1.1855E-05	7.86935E-06	132.485158	-9.73465E-06	1.12818E-05	-1.697854478	-2.12038E-06	-3.41245E-06
655	129.5303806	-4.43237E-05	-1.15876E-05	131.6346061	-4.521E-05	-1.09013E-05	-2.104225525	8.86339E-07	-6.86301E-07
656	128.3456757	-1.30749E-05	-6.23988E-06	130.8403357	-9.99904E-06	-9.04812E-06	-2.494660082	-3.07584E-06	2.80824E-06
657	127.2280846	-5.57962E-06	6.14722E-05	130.1169998	-1.12365E-05	5.6179E-05	-2.888915157	5.65684E-06	5.29323E-06
658	126.1708857	5.57959E-06	-2.92891E-05	129.4789483	8.3175E-06	-3.3807E-05	-3.308062536	-2.73791E-06	4.5179E-06
659	125.1665443	-4.30516E-05	-3.65749E-06	128.9402004	-4.64799E-05	-3.66757E-06	-3.773656131	3.4283E-06	1.00886E-08
660	124.2062632	1.09518E-06	7.7442E-06	128.5130766	5.2842E-07	1.00176E-05	-4.306813373	5.66758E-07	-2.27337E-06
661	123.2792737	4.33087E-05	9.47895E-06	128.2065721	3.9966E-05	1.93257E-05	-4.927298346	3.34268E-06	-9.84674E-06
662	122.3765844	5.78819E-06	8.17089E-06	128.0289844	1.98211E-06	1.30555E-05	-5.652399966	3.80608E-06	-4.88457E-06
663	121.4896659	-4.14764E-05	-1.14698E-05	127.9861553	-5.18431E-05	-1.24555E-05	-6.496489348	1.03668E-05	9.85671E-07
664	120.6111406	2.27361E-06	-7.97499E-06	128.0808855	-8.5462E-07	-7.82779E-06	-7.469744996	3.12823E-06	-1.47196E-07
665	119.7360739	2.5216E-05	-7.90574E-06	128.3138015	1.97456E-05	-1.25623E-06	-8.5777276	5.47036E-06	-6.64951E-06
666	118.8624043	1.42475E-05	-6.7196E-05	128.683664	5.99045E-06	-5.62801E-05	-9.821259694	8.25703E-06	-1.09159E-05
667	117.9889024	-2.23846E-05	-9.54218E-05	129.1850407	-3.50783E-05	-9.62475E-05	-11.19613828	1.26937E-05	8.2575E-07
668	117.1174691	2.15152E-05	1.28494E-05	129.8098682	1.77526E-05	7.89807E-06	-12.69239908	3.76261E-06	4.95133E-06
669	116.2540311	2.55217E-05	-5.12181E-05	130.5498698	2.21417E-05	-4.33225E-05	-14.29583877	3.38005E-06	-7.89563E-06
670	115.4062112	-5.27213E-05	-2.42232E-05	131.3934584	-4.79598E-05	-2.23699E-05	-15.9872472	-4.76155E-06	-1.85329E-06
671	114.5815864	-1.1968E-05	8.91295E-05	132.3253037	-7.07756E-06	9.44147E-05	-17.74371733	-4.89042E-06	-5.28518E-06
672	113.7916801	8.64551E-06	-5.29825E-06	133.3308833	4.02495E-07	-2.04217E-06	-19.53920318	8.24302E-06	-3.25608E-06
673	113.0489778	7.71431E-06	-5.97553E-05	134.3944938	9.09294E-06	-6.86736E-05	-21.34551605	-1.37862E-06	8.91825E-06
674	112.3657597	-8.66178E-07	-1.4147E-05	135.4986567	-2.21351E-06	-1.06058E-05	-23.13289697	1.34733E-06	-3.54112E-06
675	111.7541292	2.62303E-05	-1.91807E-05	136.6256957	2.85677E-05	-2.44866E-05	-24.8715665	-2.33745E-06	5.30587E-06
676	111.224397	-4.46687E-06	-4.07088E-06	137.7564965	-1.29871E-06	-7.58297E-06	-26.53209949	-3.16816E-06	3.51209E-06
677	110.7883816	-2.37933E-06	6.55532E-05	138.8758397	-4.49399E-06	7.77819E-05	-28.08745815	2.11466E-06	-1.22287E-05
678	110.4530689	1.09214E-06	2.72888E-05	139.965811	-9.45617E-06	2.0576E-05	-29.51274206	1.05483E-05	6.71282E-06
679	110.2238744	-1.9205E-05	1.70013E-05	141.0101454	-2.413E-05	1.59697E-05	-30.78627102	4.92494E-06	1.03165E-06
680	110.1023585	8.02037E-06	-1.01622E-05	141.9932904	4.22788E-06	-5.71981E-06	-31.89093185	3.79249E-06	-4.44241E-06
681	110.0879842	8.46418E-06	-7.48043E-07	142.9018249	2.416E-06	3.66288E-06	-32.81384069	6.04818E-06	-4.41092E-06
682	110.1751991	-4.15282E-05	-1.78425E-05	143.7222531	-3.56789E-05	-1.96065E-05	-33.54705409	-5.84936E-06	1.76403E-06
683	110.3555604	-1.93307E-05	2.60937E-05	144.4424961	-2.09703E-05	2.65064E-05	-34.08693571	1.63956E-06	-4.1275E-07
684	110.6169735	8.23514E-06	9.03317E-05	145.0529388	8.06895E-06	9.45471E-05	-34.43596522	1.66187E-07	-4.21538E-06
685	110.9419205	5.32156E-06	-5.57332E-05	145.5418121	1.52686E-05	-6.42611E-05	-34.59989152	-9.94706E-06	8.52791E-06
686	111.3124573	7.50122E-05	-2.64973E-05	145.9018203	8.05546E-05	-1.21488E-05	-34.58936298	-5.5424E-06	-1.43485E-05
687	111.7044543	9.17341E-06	6.85331E-06	146.1227369	1.78484E-05	7.20779E-07	-34.41828252	-8.67499E-06	6.13253E-06
688	112.0946464	7.5743E-05	3.06413E-05	146.1982603	7.44669E-05	3.33292E-05	-34.10361398	1.27612E-06	-2.68782E-06
689	112.4547852	-4.01235E-05	3.65734E-05	146.11901	-3.90739E-05	3.02383E-05	-33.66422475	-1.04962E-06	6.3351E-06
690	112.7581376	4.53199E-05	-6.29315E-05	145.8786242	4.98435E-05	-7.06224E-05	-33.12048656	-4.5236E-06	7.69096E-06
691	112.9767516	-1.15765E-05	4.28023E-05	145.4700754	-1.64382E-05	4.50124E-05	-32.49332385	4.86167E-06	-2.21012E-06
692	113.0814033	-5.57177E-05	1.68464E-05	144.8849218	-4.62074E-05	2.15631E-05	-31.80351845	-9.51023E-06	-4.71668E-06
693	113.0460894	-4.04886E-05	7.93491E-06	144.1168711	-3.61208E-05	1.27848E-05	-31.07078162	-4.36771E-06	-4.84994E-06
694	112.8452588	8.34349E-06	-3.91767E-05	143.1589482	3.72923E-06	-3.47049E-05	-30.31368939	4.61426E-06	-4.47174E-06
695	112.4552479	7.73115E-06	-2.66725E-05	142.0036549	8.0725E-06	-2.47522E-05	-29.54840705	-3.41349E-07	-1.92027E-06
696	111.8567681	-2.07068E-05	4.30869E-05	140.6462501	-1.87047E-05	4.34758E-05	-28.78948205	-2.00214E-06	-3.88893E-07
697	111.0313842	4.37377E-05	1.80556E-05	139.079825	4.82398E-05	1.43774E-05	-28.04844079	-4.50209E-06	3.67825E-06
698	109.9663098	5.67885E-05	-3.0123E-05	137.3010453	4.856E-05	-2.43143E-05	-27.33473546	8.22856E-06	-5.80862E-06
699	108.650946	1.4496E-05	-4.7392E-07	135.3059008	1.00098E-05	-3.47835E-06	-26.65495481	4.48618E-06	3.00443E-06
700	107.0797696	-2.91219E-05	4.20804E-05	133.0932883	-1.74547E-05	5.28855E-05	-26.01351866	-1.16672E-05	-1.08051E-05
701	105.2500306	4.03718E-05	-8.59888E-07	130.6627619	2.94643E-05	3.69128E-06	-25.41273134	1.09075E-05	-4.55117E-06
702	103.1641177	-4.5555E-06	-6.69236E-06	128.0170449	2.29958E-06	-6.02609E-06	-24.85292725	-6.85508E-06	-6.66264E-07
703	100.8257043	3.66161E-06	1.12163E-05	125.1586142	8.03187E-06	4.00215E-06	-24.3329099	-4.37026E-06	7.21413E-06
704	98.24527144	-1.11011E-06	2.74196E-06	122.0952191	3.50565E-06	-2.90766E-06	-23.84994766	-4.61576E-06	5.64961E-06
705	95.43405897	-1.22032E-05	5.15307E-05	118.8341707	-4.03865E-06	5.52881E-05	-23.40011174	-8.16454E-06	-3.75737E-06
706	92.40665208	-1.26296E-05	-2.9637E-05	115.3854194	-1.23235E-05	-2.79292E-05	-22.97876736	-3.06052E-07	-1.7078E-06
707	89.18106474	-2.5731E-05	-2.13094E-07	111.7611079	-1.79396E-05	-5.80179E-08	-22.58004321	-7.79146E-06	-1.55076E-07
708	85.77752104	9.86916E-06	4.79308E-06	107.9749999	8.16612E-06	7.8261E-06	-22.1974789	1.70304E-06	-3.03302E-06
709	82.21787926	5.88062E-06	-3.99698E-05	104.0414762	4.24591E-06	-4.06946E-05	-21.82359696	1.63471E-06	7.2483E-07
710	78.52749666	-6.35652E-05	-1.3486E-05	99.97792765	-5.86772E-05	-1.3138E-05	-21.45043099	-4.88804E-06	-3.48011E-07
711	74.73144209	-4.67122E-05	-2.65138E-05	95.80033558	-5.48311E-05	-2.90908E-05	-21.06889349	8.11882E-06	2.57706E-06
712	70.85597758	2.05645E-05	-1.81203E-05	91.52518228	2.2739E-05	-1.6339E-05	-20.6692047	-2.17454E-06	-1.78123E-06
713	66.93078699	-3.31862E-05	-3.48652E-05	87.17175902	-3.79423E-05	-3.60135E-05	-20.24097204	4.75604E-06	1.14833E-06
714	62.98431382	2.72991E-05	-5.41179E-05	82.75745325	3.36029E-05	-4.38878E-05	-19.77313944	-6.30382E-06	-1.02301E-05
715	59.04537685	-3.34222E-05	4.95478E-05	78.29958247	-3.12713E-05	4.42918E-05	-19.25420562	-2.15095E-06	5.25598E-06
716	55.14352224	1.04295E-05	5.77592E-06	73.81599317	8.27215E-06	5.32977E-06	-18.67247094	2.1573E-06	4.46148E-07
717	51.30711962	4.02946E-05	-1.93815E-05	69.32365074	3.18936E-05	-2.11059E-05	-18.01653113	8.40099E-06	1.7244E-06
718	47.56316983	3.11443E-05	4.46209E-05	64.83880734	3.28411E-05	4.85436E-05	-17.27563751	-1.69677E-06	-3.9227E-06
719	43.93830479	-4.01268E-06	-1.51331E-05	60.37828907	-9.12847E-06	-1.3197E-05	-16.43998429	5.11579E-06	-1.93609E-06
720	40.45670702	1.8769E-05	2.04235E-05	55.95828039	9.50997E-06	1.6743E-05	-15.50157337	9.259E-06	3.68052E-06
721	37.13916036	4.40554E-05	1.60325E-05	51.59355723	4.49991E-05	4.61932E-06	-14.45439687	-9.43685E-07	1.14131E-05
722	34.0043977	1.27154E-05	3.99058E-05	47.299524	1.38939E-05	3.76576E-05	-13.2951263	-1.1785E-06	2.24818E-06
723	31.06795751	-4.73457E-05	1.73134E-06	43.09139099	-4.72214E-05	5.39868E-06	-12.02343348	-1.24323E-07	-3.66733E-06
724	28.3397481	2.7168E-05	2.62707E-06	38.98219034	2.69715E-05	1.96012E-06	-10.64244225	1.96425E-07	6.66951E-07
725	25.82816209	-4.14845E-05	1.51565E-05	34.98713395	-3.58105E-05	1.35566E-05	-9.158971854	-5.67406E-06	1.59992E-06
726	23.53591274	7.86964E-06	4.60805E-05	31.11935985	5.82386E-06	4.66006E-05	-7.58344711	2.04578E-06	-5.20141E-07
727	21.46149482	-3.6003E-06	4.32136E-05	27.3916217	-7.20322E-06	3.53061E-05	-5.930126877	3.60292E-06	7.90752E-06
728	19.60007838	2.4659E-05	3.30504E-05	23.81678403	1.67234E-05	3.53079E-05	-4.216705654	7.9356E-06	-2.25748E-06
729	17.94098196	-1.48069E-05	2.43388E-06	20.40509985	-8.1703E-06	-2.02958E-06	-2.464117885	-6.63657E-06	4.46346E-06
730	16.47218907	3.89621E-07	6.40814E-06	17.16788951	4.73237E-06	7.15317E-06	-0.695700441	-4.34275E-06	-7.45025E-07
731	15.17705543	3.2165E-05	-7.27043E-05	14.11434349	3.19986E-05	-7.17938E-05	1.062711943	1.66364E-07	-9.10433E-07
732	14.03687432	-7.08864E-05	2.61214E-05	11.25254929	-6.90745E-05	2.31933E-05	2.784325031	-1.81191E-06	2.92811E-06
733	13.02965268	-1.61262E-05	-3.90987E-05	8.587818668	-1.74048E-05	-4.19767E-05	4.441834007	1.27868E-06	2.87798E-06
734	12.13443252	-9.82688E-06	8.2176E-07	6.126575536	-1.48203E-05	2.48048E-06	6.007856982	4.99338E-06	-1.65872E-06
735	11.32769854	-3.8541E-06	-2.94176E-05	3.871179142	-3.96081E-06	-3.15151E-05	7.456519397	1.0671E-07	2.09752E-06
736	10.58545661	-1.66392E-05	-9.22227E-06	1.821945931	-1.45888E-05	-6.38201E-06	8.763510679	-2.0504E-06	-2.84026E-06
737	9.885535023	2.58452E-05	1.28476E-05	-0.022348129	3.14227E-05	1.23032E-05	9.907883152	-5.57748E-06	5.44461E-07
738	9.206044321	-4.32026E-06	5.24626E-05	-1.665210306	-8.70589E-06	5.60109E-05	10.87125463	4.38563E-06	-3.54829E-06
739	8.52811553	-1.4677E-05	1.38398E-05	-3.111535777	-1.14922E-05	1.6838E-05	11.63965131	-3.18483E-06	-2.9982E-06
740	7.834034426	-1.95748E-05	-1.35402E-05	-4.369016973	-1.92819E-05	-1.59326E-05	12.2030514	-2.92887E-07	2.3924E-06
741	7.109209577	6.64374E-06	1.88844E-05	-5.44705156	7.09322E-06	1.40082E-05	12.55626114	-4.49479E-07	4.87614E-06
742	6.339676716	5.34361E-05	-3.07439E-05	-6.358623415	4.78036E-05	-3.48807E-05	12.69830013	5.63246E-06	4.13684E-06
743	5.518506163	-1.68764E-05	-3.10235E-05	-7.114147481	-1.56205E-05	-3.99128E-05	12.63265364	-1.25593E-06	8.88936E-06
744	4.63844482	2.57701E-05	4.91139E-05	-7.729044609	3.01647E-05	4.338E-05	12.36748943	-4.39461E-06	5.73395E-06
745	3.695276034	-2.24057E-05	1.44926E-05	-8.219043012	-2.67661E-05	1.37422E-05	11.91431905	4.36038E-06	7.50442E-07
746	2.687977108	-3.79671E-05	1.39748E-05	-8.600329779	-4.45875E-05	1.28441E-05	11.28830689	6.62041E-06	1.13077E-06
747	1.618905067	3.31333E-06	4.07118E-05	-8.888293192	3.77311E-06	3.38908E-05	10.50719826	-4.59782E-07	6.82096E-06
748	0.489705818	1.13709E-05	-1.20907E-05	-9.101296716	1.27215E-05	-4.37316E-06	9.591002534	-1.3506E-06	-7.71757E-06
749	-0.69403442	-4.56146E-06	-2.45475E-05	-9.25533514	-6.51312E-06	-2.27938E-05	8.561300721	1.95165E-06	-1.75368E-06
750	-1.925998743	-2.19074E-05	4.16489E-05	-9.366560281	-1.85127E-05	4.46963E-05	7.440561538	-3.39472E-06	-3.04739E-06
751	-3.199391912	-8.60194E-05	-4.69413E-05	-9.450590143	-8.28714E-05	-4.6E-05	6.251198231	-3.14802E-06	-9.41281E-07
752	-4.506024231	9.73593E-06	-2.79234E-05	-9.521988734	1.40143E-05	-3.11812E-05	5.015964503	-4.27838E-06	3.25777E-06
753	-5.83799345	1.21423E-05	-1.1961E-05	-9.594471647	1.2467E-05	-1.32424E-05	3.756478197	-3.24661E-07	1.28138E-06
754	-7.187437139	6.63637E-05	1.4239E-06	-9.681028037	6.50969E-05	9.51771E-06	2.493590898	1.26679E-06	-8.0938E-06
755	-8.544305444	1.86644E-05	-8.07186E-06	-9.791325178	4.7885E-06	-1.16628E-05	1.247019734	1.38759E-05	3.59095E-06
756	-9.90148263	-3.09782E-05	-3.43054E-05	-9.936545126	-3.0481E-05	-3.97898E-05	0.035062496	-4.97201E-07	5.48436E-06
757	-11.24895721	1.68469E-06	2.98646E-06	-10.12345248	1.1484E-06	3.45916E-06	-1.125504735	5.36299E-07	-4.72699E-07
758	-12.57811928	1.90783E-05	5.7216E-06	-10.35939246	1.60408E-05	3.48869E-06	-2.218726824	3.03753E-06	2.2329E-06
759	-13.88005136	2.00159E-07	9.83404E-06	-10.65011217	-5.01443E-06	8.77887E-06	-3.229939191	5.21459E-06	1.05516E-06
760	-15.14460262	-1.84492E-05	-7.08624E-05	-10.99889054	-2.38689E-05	-6.67732E-05	-4.145712086	5.41974E-06	-4.08919E-06
761	-16.36087391	-1.08469E-05	4.37998E-05	-11.40783527	-1.38471E-05	3.61703E-05	-4.953038647	3.0002E-06	7.62952E-06
762	-17.51942885	-4.51792E-05	-4.89722E-05	-11.87975032	-4.14326E-05	-5.04942E-05	-5.639678533	-3.74661E-06	1.52194E-06
763	-18.60768582	-5.90595E-05	-8.13969E-05	-12.41370732	-6.74284E-05	-8.89666E-05	-6.193978504	8.36897E-06	7.56963E-06
764	-19.61378813	8.38408E-06	3.30853E-05	-13.009135	-2.33622E-06	4.24727E-05	-6.604653132	1.07203E-05	-9.38737E-06
765	-20.52589907	-2.67878E-05	3.31038E-06	-13.66451164	-2.37749E-05	2.08178E-06	-6.86138743	-3.01293E-06	1.2286E-06
766	-21.33125094	4.58236E-05	-1.06376E-05	-14.37679634	4.38307E-05	-1.1481E-05	-6.954454593	1.99285E-06	8.43377E-07
767	-22.01635029	1.22848E-05	7.91357E-06	-15.14086652	9.33018E-06	-8.9854E-07	-6.875483773	2.95465E-06	8.81211E-06
768	-22.57078312	3.74081E-08	9.02384E-05	-15.95324095	-3.86806E-06	9.50712E-05	-6.617542171	3.90546E-06	-4.83283E-06
769	-22.98287451	1.1678E-05	-6.12083E-05	-16.80707342	1.28676E-05	-6.17792E-05	-6.175801097	-1.18956E-06	5.7083E-07
770	-23.24323654	2.38464E-05	4.50255E-06	-17.69529015	1.31715E-05	-2.0981E-06	-5.547946393	1.06749E-05	6.60065E-06
771	-23.34333853	-2.92667E-05	-1.14052E-05	-18.60856835	-2.86224E-05	-1.35227E-05	-4.734770181	-6.44346E-07	2.11747E-06
772	-23.28047714	-1.28172E-05	-2.40941E-05	-19.54023303	-1.33185E-05	-3.56126E-05	-3.74024411	5.0135E-07	1.15185E-05
773	-23.05002369	-0.000107583	-0.00016161	-20.47749011	-0.000100725	-0.000156541	-2.572533585	-6.85815E-06	-5.06937E-06
774	-22.65273871	-2.18748E-06	4.71696E-06	-21.40895011	-4.59002E-07	1.23127E-06	-1.243788595	-1.72848E-06	3.48569E-06
775	-22.09330392	5.61435E-06	7.23382E-05	-22.32320614	-3.13717E-06	7.65694E-05	0.229902219	8.75152E-06	-4.23119E-06
776	-21.37808745	-4.39626E-05	-4.79807E-06	-23.20607817	-5.33738E-05	-3.69594E-06	1.827990718	9.41129E-06	-1.10213E-06
777	-20.51726344	-2.43354E-06	-2.08254E-05	-24.0435581	-5.40648E-07	-1.50744E-05	3.526294661	-1.89289E-06	-5.75102E-06
778	-19.52426686	4.17708E-05	-2.16141E-07	-24.82147381	3.91518E-05	1.81337E-06	5.297206955	2.61899E-06	-2.02951E-06
779	-18.41278195	-3.79969E-05	8.86649E-06	-25.52301409	-3.22519E-05	6.30868E-06	7.110232136	-5.74492E-06	2.55781E-06
780	-17.20063071	4.61644E-06	-5.82949E-06	-26.13313022	5.23294E-06	-9.4344E-06	8.93249951	-6.16508E-07	3.60491E-06
781	-15.90647103	-3.15662E-06	7.51754E-05	-26.63662533	6.36415E-06	7.94311E-05	10.7301543	-9.52078E-06	-4.25568E-06
782	-14.54882353	3.80365E-05	-8.0253E-06	-27.01719107	3.93284E-05	-1.54882E-05	12.46836754	-1.29187E-06	7.46287E-06
783	-13.14735241	-1.18266E-06	-2.33232E-06	-27.26047445	2.44026E-06	-1.6068E-06	14.11312203	-3.62291E-06	-7.25518E-07
784	-11.71831703	1.86183E-05	7.62952E-05	-27.34964549	1.60434E-05	8.34464E-05	15.63132846	2.57495E-06	-7.15123E-06
785	-10.27954363	3.53181E-05	-9.68658E-06	-27.27185564	3.96723E-05	-9.11713E-06	16.992312	-4.35424E-06	-5.69444E-07
786	-8.845312607	-7.28804E-05	-2.41036E-05	-27.01363622	-7.54837E-05	-2.05351E-05	18.16832361	2.60335E-06	-3.56846E-06
787	-7.424990998	-3.37979E-06	3.75866E-05	-26.5606136	3.93001E-06	4.00661E-05	19.1356226	-7.3098E-06	-2.47954E-06
788	-6.02861567	4.51034E-05	1.99041E-05	-25.90320624	4.95824E-05	3.10501E-05	19.87459057	-4.47895E-06	-1.1146E-05
789	-4.659537931	1.00988E-05	5.7288E-06	-25.03068216	1.13779E-05	9.2203E-06	20.37114423	-1.27914E-06	-3.4915E-06
790	-3.317403798	5.20367E-07	-4.82912E-06	-23.93360884	-2.38434E-06	-2.48864E-06	20.61620504	2.90471E-06	-2.34048E-06
791	-1.998646169	3.21413E-06	-9.22425E-06	-22.60549606	1.45269E-05	-6.28126E-06	20.60684989	-1.13128E-05	-2.943E-06
792	-0.693651201	2.95954E-06	6.95138E-06	-21.03982999	1.06583E-06	1.90472E-05	20.34617879	1.8937E-06	-1.20958E-05
793	0.608701378	-2.77027E-05	2.4156E-05	-19.23408839	-3.17354E-05	2.58175E-05	19.84278977	4.03271E-06	-1.66156E-06
794	1.926181526	-4.1919E-06	-5.2998E-06	-17.18542737	-2.66672E-06	-3.1954E-06	19.11160889	-1.52518E-06	-2.1044E-06
795	3.27763079	4.81033E-05	-5.0319E-05	-14.89506844	5.18268E-05	-4.86335E-05	18.17269923	-3.72357E-06	-1.68556E-06
796	4.68625332	4.96611E-05	1.09334E-06	-12.36485831	5.77056E-05	7.59961E-07	17.05111163	-8.04453E-06	3.33384E-07
797	6.176548972	-2.71154E-06	-1.01899E-05	-9.599853049	-2.85818E-06	-6.2321E-06	15.77640202	1.4664E-07	-3.95778E-06
798	7.774296692	-2.18212E-05	-4.73306E-06	-6.606627852	-2.32921E-05	-2.89682E-06	14.38092454	1.47091E-06	-1.83623E-06
799	9.505225355	7.52851E-05	2.99053E-05	-3.394818163	8.09608E-05	3.33406E-05	12.90004352	-5.6757E-06	-3.43535E-06
800	11.39702769	-1.74634E-06	3.93336E-06	0.026835238	2.29766E-07	1.10019E-05	11.37019245	-1.97611E-06	-7.0685E-06
801	13.47158715	6.49681E-05	-1.18685E-05	3.643108754	5.76735E-05	-1.37557E-05	9.828478393	7.29456E-06	1.88723E-06
802	15.75219238	1.81738E-06	-3.26512E-07	7.441417157	4.94144E-07	-5.48463E-06	8.310775226	1.32324E-06	5.15812E-06
803	18.2553565	5.27119E-06	2.86523E-05	11.40421132	8.59741E-06	3.46427E-05	6.851145185	-3.32622E-06	-5.99034E-06
804	20.99688227	-4.27216E-05	1.6262E-05	15.51619581	-4.22623E-05	2.19919E-05	5.480686455	-4.59282E-07	-5.7299E-06
805	23.98386819	4.51538E-06	3.6119E-05	19.75734573	1.12132E-05	5.2451E-05	4.226522462	-6.69784E-06	-1.6332E-05
806	27.22060205	5.36241E-05	8.37236E-06	24.10956107	5.11952E-05	1.33594E-05	3.111040978	2.429E-06	-4.987E-06
807	30.70344133	-1.10079E-05	-5.63512E-05	28.55234598	-7.95313E-06	-4.93829E-05	2.151095345	-3.05472E-06	-6.9683E-06
808	34.42368588	1.04584E-05	1.08506E-05	33.06561706	1.06202E-05	1.45748E-05	1.358068816	-1.61736E-07	-3.7243E-06
809	38.36680522	-8.70355E-05	-2.19E-05	37.62973082	-8.93948E-05	-2.50268E-05	0.737074397	2.35928E-06	3.12687E-06
810	42.51016273	-3.6702E-05	-3.05953E-07	42.22279668	-4.07483E-05	1.08788E-05	0.287366051	4.04635E-06	-1.11847E-05
811	46.82699077	5.42887E-05	1.37622E-05	46.82473306	5.29987E-05	7.98835E-06	0.002257714	1.29001E-06	5.77382E-06
812	51.28533507	1.02157E-05	6.2861E-06	51.41525528	1.16239E-05	3.61887E-06	-0.129920216	-1.40819E-06	2.66724E-06
813	55.8485199	-1.2083E-05	-3.40431E-06	55.97452396	-1.33615E-05	-3.88794E-06	-0.126004054	1.27849E-06	4.83638E-07
814	60.47545984	8.576E-06	-5.38042E-05	60.48180329	7.92903E-06	-5.15468E-05	-0.00634345	6.46963E-07	-2.25732E-06
815	65.12295186	-2.44047E-05	4.7828E-05	64.91735426	-1.90569E-05	4.96018E-05	0.205597597	-5.34782E-06	-1.77383E-06
816	69.7458199	-1.83385E-05	1.50253E-05	69.26188188	-2.6091E-05	1.45409E-05	0.483938018	7.75246E-06	4.84384E-07
817	74.29935122	2.34598E-06	9.19551E-06	73.4974621	-3.81265E-06	5.62477E-06	0.801889117	6.15863E-06	3.57074E-06
818	78.7367548	-2.28588E-05	-5.15523E-05	77.60449053	2.09936E-06	-6.44436E-05	1.132264267	-2.49582E-05	1.28912E-05
819	83.01385909	5.68532E-07	-9.11149E-06	81.56547425	1.03034E-06	-1.38255E-05	1.448384837	-4.61812E-07	4.71402E-06
820	87.08940683	3.34242E-05	6.35181E-05	85.36416185	3.88169E-05	5.6341E-05	1.725244977	-5.39271E-06	7.17707E-06
821	90.92310222	2.5618E-06	1.12061E-05	88.98360704	7.17635E-07	1.87938E-05	1.939495185	1.84417E-06	-7.58769E-06
822	94.47841968	-4.32413E-05	-7.38354E-06	92.40808847	-4.21535E-05	-1.7282E-06	2.070331212	-1.08783E-06	-5.65535E-06
823	97.72440057	4.47779E-05	4.52353E-05	95.62487754	5.02216E-05	4.30755E-05	2.099523032	-5.44379E-06	2.15978E-06
824	100.6319451	-5.99155E-05	-0.000100298	98.6198953	-6.80886E-05	-9.92196E-05	2.012049796	8.17305E-06	-1.07856E-06
825	103.1792597	4.90459E-06	-3.65029E-07	101.3833721	7.75573E-06	8.44222E-06	1.795887641	-2.85115E-06	-8.80725E-06
826	105.3466837	-1.06767E-05	-2.91493E-05	103.9047021	-8.0402E-06	-2.97841E-05	1.441981662	-2.63652E-06	6.34797E-07
827	107.1216947	-2.0159E-05	-1.72691E-05	106.1777477	-2.13539E-05	-1.63185E-05	0.943947004	1.19491E-06	-9.50685E-07
828	108.4945769	1.78924E-05	2.06842E-06	108.1959176	1.31553E-05	2.08159E-06	0.29865928	4.73705E-06	-1.31717E-08
829	109.4614897	-4.79816E-06	-4.74162E-05	109.9566951	-6.13369E-06	-4.29829E-05	-0.495205394	1.33552E-06	-4.43326E-06
830	110.022995	-8.48663E-06	2.68617E-06	111.4588217	-1.46632E-06	-2.94522E-06	-1.435826745	-7.02031E-06	5.63139E-06
831	110.184153	8.9468E-05	1.01748E-05	112.7039137	9.52269E-05	3.14892E-06	-2.519760761	-5.7589E-06	7.0259E-06
832	109.9534478	4.26678E-05	-3.17631E-05	113.694872	4.73456E-05	-3.58486E-05	-3.741424185	-4.67773E-06	4.08549E-06
833	109.3448859	4.84157E-05	-3.0369E-05	114.438317	5.03528E-05	-2.99811E-05	-5.093431115	-1.93709E-06	-3.87963E-07
834	108.3758338	4.92687E-05	6.17473E-05	114.9422052	5.13783E-05	5.5508E-05	-6.566371409	-2.10959E-06	6.23933E-06
835	107.0658743	4.14491E-05	5.49967E-05	115.2153474	4.44442E-05	5.05868E-05	-8.149473106	-2.99503E-06	4.4099E-06
836	105.4391342	6.69865E-07	-3.97329E-05	115.2691363	-1.68249E-06	-4.14986E-05	-9.830002051	2.35235E-06	1.76574E-06
837	103.5224558	5.93069E-05	-8.14638E-05	115.1166945	6.17678E-05	-7.92409E-05	-11.59423868	-2.46087E-06	-2.2229E-06
838	101.3471908	-5.16277E-06	-5.18937E-05	114.7738854	-1.42814E-07	-3.96189E-05	-13.42669455	-5.01996E-06	-1.22748E-05
839	98.94408818	-3.12506E-06	1.43358E-06	114.255003	-1.88111E-06	1.2782E-06	-15.31091485	-1.24396E-06	1.5538E-07
840	96.34768972	-2.6335E-05	1.13198E-05	113.5769441	-2.75464E-05	8.57222E-06	-17.22925436	1.21143E-06	2.74754E-06
841	93.59424495	-7.51367E-06	-0.00011632	112.7575363	-1.3748E-05	-0.000111909	-19.16329139	6.23431E-06	-4.41183E-06
842	90.72053298	-8.32447E-06	7.95185E-05	111.8144156	-6.37499E-06	8.65505E-05	-21.0938826	-1.94948E-06	-7.03195E-06
843	87.76416195	-3.06735E-05	4.96277E-06	110.7655564	-2.76464E-05	1.25814E-05	-23.00139448	-3.02706E-06	-7.61864E-06
844	84.76469874	7.64827E-05	2.58727E-05	109.6309407	8.48454E-05	2.37588E-05	-24.86624191	-8.36269E-06	2.11398E-06
845	81.75902899	3.61483E-05	-4.28116E-05	108.4277537	4.25428E-05	-3.22548E-05	-26.6687247	-6.39449E-06	-1.05568E-05
846	78.78502278	-2.31067E-05	-2.01856E-05	107.1746642	-2.86423E-05	-1.4899E-05	-28.38964139	5.53559E-06	-5.28661E-06
847	75.87999061	-2.00301E-05	6.26752E-06	105.8905702	-2.56835E-05	6.4513E-06	-30.01057962	5.65339E-06	-1.83775E-07
848	73.07837208	7.70382E-06	-1.51111E-06	104.5917801	7.37329E-06	-4.3731E-06	-31.51340805	3.30534E-07	2.86199E-06
849	70.41297753	-5.53513E-05	1.32291E-06	103.2950851	-5.49935E-05	7.27213E-06	-32.88210761	-3.57782E-07	-5.94922E-06
850	67.91524136	4.06727E-07	-9.0491E-06	102.0165246	7.41333E-07	-5.01872E-06	-34.10128329	-3.34606E-07	-4.03038E-06
851	65.61223913	2.46413E-05	-1.02851E-05	100.7698489	3.51319E-05	-9.20992E-06	-35.15760977	-1.04906E-05	-1.07515E-06
852	63.52919713	-2.32153E-05	1.0408E-06	99.56909425	-2.3219E-05	3.51481E-06	-36.03989712	3.63308E-09	-2.47401E-06
853	61.68789576	9.60054E-05	1.87678E-05	98.42683772	9.28179E-05	2.67462E-05	-36.73894196	3.18755E-06	-7.97841E-06
854	60.10473456	2.2216E-06	1.23744E-05	97.35285065	1.97788E-06	1.05418E-05	-37.24811609	2.43722E-07	1.83253E-06
855	58.79449617	4.75266E-05	-3.33567E-05	96.35797601	4.76679E-05	-3.21671E-05	-37.56347984	-1.41352E-07	-1.18959E-06
856	57.76383233	7.07433E-05	1.79655E-06	95.44772884	6.94712E-05	4.26237E-06	-37.68389651	1.27206E-06	-2.46582E-06
857	57.01884125	9.43005E-05	7.70494E-05	94.62999587	8.83628E-05	8.00634E-05	-37.61115461	5.93775E-06	-3.01395E-06
858	56.55883068	1.8256E-05	-4.67969E-05	93.90878409	1.95769E-05	-5.46456E-05	-37.34995341	-1.32095E-06	7.84869E-06
859	56.37759678	2.71433E-05	-3.9872E-05	93.28540899	2.99812E-05	-4.20474E-05	-36.90781221	-2.83791E-06	2.17542E-06
860	56.46709303	8.01049E-07	3.12692E-05	92.76260447	1.01255E-05	4.07007E-05	-36.29551144	-9.32448E-06	-9.43153E-06
861	56.81227781	-8.44366E-06	1.79158E-05	92.33789867	-1.18194E-05	2.44361E-05	-35.52562086	3.37573E-06	-6.52025E-06
862	57.39607443	2.80848E-05	1.58434E-05	92.00978303	3.04402E-05	1.26106E-05	-34.61370859	-2.35541E-06	3.23287E-06
863	58.19476873	-1.36844E-05	-4.08787E-05	91.77124613	-5.66409E-06	-4.39365E-05	-33.5764774	-8.02034E-06	3.05774E-06
864	59.18354455	-1.72994E-05	-2.96564E-05	91.61665046	-1.78681E-05	-4.27179E-05	-32.43310591	5.68664E-07	1.30615E-05
865	60.33404236	-8.49777E-06	9.0978E-07	91.53739708	-1.33502E-05	5.30326E-06	-31.20335472	4.85245E-06	-4.39348E-06
866	61.61478314	2.04719E-05	4.36498E-05	91.52258941	3.06623E-05	4.19252E-05	-29.90780627	-1.01904E-05	1.72469E-06
867	62.9927932	-1.28352E-05	-2.90187E-05	91.56056041	-1.45489E-05	-3.82622E-05	-28.56776721	1.71371E-06	9.24352E-06
868	64.43315387	-1.01895E-05	8.34512E-07	91.63730559	-1.23256E-05	1.90477E-07	-27.20415172	2.1361E-06	6.44035E-07
869	65.89929349	2.3831E-05	-1.8833E-05	91.73720952	3.01014E-05	-7.91602E-06	-25.83791603	-6.27044E-06	-1.0917E-05
870	67.35633467	9.67357E-06	9.32725E-06	91.84576345	7.84258E-06	-2.23367E-07	-24.48942877	1.83099E-06	9.55061E-06
871	68.76769784	-4.57303E-05	5.21194E-05	91.94608467	-4.48916E-05	4.9933E-05	-23.17838684	-8.38721E-07	2.18638E-06
872	70.096942	1.46796E-05	-5.0148E-05	92.0204447	1.55542E-05	-5.28845E-05	-21.9235027	-8.74534E-07	2.73646E-06
873	71.30903915	6.48456E-06	-2.80031E-05	92.05141273	7.44479E-07	-2.90118E-05	-20.74237358	5.74008E-06	1.00864E-06
874	72.37081803	7.84854E-07	-9.4342E-06	92.02234633	3.37693E-06	-1.32998E-05	-19.6515283	-2.59208E-06	3.86558E-06
875	73.25045828	-4.1335E-06	-4.30739E-06	91.9162041	-4.59008E-06	-6.34686E-06	-18.66574583	4.56571E-07	2.03947E-06
876	73.91745757	4.31733E-05	1.07072E-05	91.71609805	4.4501E-05	1.01647E-05	-17.79864048	-1.32773E-06	5.42525E-07
877	74.34672815	6.46939E-06	1.30905E-05	91.40891946	1.16495E-05	7.97095E-06	-17.06219131	-5.1801E-06	5.11955E-06
878	74.5133908	2.02101E-05	-1.58366E-05	90.97914984	3.07455E-05	-1.2666E-05	-16.46575904	-1.05354E-05	-3.17063E-06
879	74.3969643	3.74568E-06	-4.85707E-05	90.41410226	6.13747E-06	-5.29462E-05	-16.01713796	-2.39179E-06	4.37552E-06
880	73.98234489	3.67999E-06	1.48628E-05	89.70410389	4.44956E-06	1.61037E-05	-15.721759	-7.69571E-07	-1.24092E-06
881	73.25551369	-1.51787E-05	7.71415E-06	88.83760536	-1.51695E-05	2.49437E-05	-15.58209167	-9.17034E-09	-1.72296E-05
882	72.21177194	5.02239E-06	6.69102E-06	87.81005647	6.88351E-06	5.82804E-06	-15.59828453	-1.86112E-06	8.62986E-07
883	70.84594431	-4.85129E-07	2.91099E-05	86.61319188	-3.23638E-06	3.35528E-05	-15.76724757	2.75125E-06	-4.44291E-06
884	69.16050126	-2.61312E-06	3.46475E-05	85.24377182	-3.85964E-06	3.59032E-05	-16.08327056	1.24652E-06	-1.25573E-06
885	67.16236098	-2.35894E-06	1.88609E-06	83.69949783	-1.49792E-06	-3.91433E-06	-16.53713686	-8.6102E-07	5.80042E-06
886	64.8619229	2.56469E-05	-7.01172E-05	81.97896005	1.79011E-05	-7.21237E-05	-17.11703715	7.74584E-06	2.00656E-06
887	62.27594658	3.67881E-05	-8.36351E-06	80.08433547	3.42777E-05	-3.56371E-06	-17.80838889	2.51033E-06	-4.7998E-06
888	59.42423372	-3.25947E-06	-8.13427E-06	78.01796027	-1.13785E-06	-1.26685E-05	-18.59372655	-2.12163E-06	4.53425E-06
889	56.33006312	1.35484E-06	4.28618E-05	75.78333971	7.76225E-06	3.80264E-05	-19.45327659	-6.40741E-06	4.83537E-06
890	53.02010872	2.2259E-05	-4.79585E-05	73.38570967	1.32745E-05	-3.9406E-05	-20.36560095	8.98453E-06	-8.55249E-06
891	49.5234402	-5.75337E-07	6.48341E-05	70.83131464	-5.838E-07	6.01708E-05	-21.30787444	8.46303E-09	4.66328E-06
892	45.87074883	-5.20069E-05	2.62385E-06	68.12695699	-5.66251E-05	2.41796E-06	-22.25620816	4.61811E-06	2.05895E-07
893	42.09403097	-7.27066E-06	1.4417E-06	65.28067278	-1.53965E-06	-1.96005E-07	-23.1866418	-5.73101E-06	1.63771E-06
894	38.22487571	-2.21778E-05	4.46257E-05	62.30067365	-1.71689E-05	3.88918E-05	-24.07579793	-5.00891E-06	5.73386E-06
895	34.2943703	-8.71356E-06	1.53236E-05	59.19564668	-1.24624E-05	1.34511E-05	-24.90127637	3.74886E-06	1.87251E-06
896	30.33205993	-2.13955E-05	4.85664E-06	55.97473012	-2.0973E-05	6.11928E-06	-25.6426702	-4.22503E-07	-1.26264E-06
897	26.36545632	7.23017E-06	1.74243E-05	52.64744407	2.79434E-06	2.32461E-05	-26.28198775	4.43584E-06	-5.82178E-06
898	22.41853605	1.6471E-06	2.87087E-05	49.22285906	8.90895E-06	3.14298E-05	-26.80432301	-7.26185E-06	-2.72106E-06
899	18.51171669	2.58983E-05	-1.03567E-05	45.71012044	2.12912E-05	-1.20113E-05	-27.19840374	4.60711E-06	1.65463E-06
900	14.66175109	1.18564E-05	3.32197E-05	42.11866538	1.07834E-05	3.32895E-05	-27.45691429	1.07299E-06	-6.97224E-08
901	10.88038177	4.55981E-05	-2.93742E-06	38.45710709	4.27013E-05	1.55688E-08	-27.57672532	2.89678E-06	-2.95298E-06
902	7.176854187	1.3089E-06	2.07083E-06	34.73584962	4.77417E-06	-3.88468E-06	-27.55899543	-3.46528E-06	5.95552E-06
903	3.552949996	-2.8265E-05	-1.07664E-05	30.96198524	-2.20327E-05	-9.75338E-06	-27.40903524	-6.23228E-06	-1.01305E-06
904	0.008566211	3.06937E-05	-8.72448E-05	27.1448904	2.97695E-05	-8.83856E-05	-27.13632419	9.24175E-07	1.14079E-06
905	-3.460791358	-1.58043E-05	3.35352E-05	23.29322436	-6.89878E-06	4.44382E-05	-26.75401572	-8.90556E-06	-1.09029E-05
906	-6.862483982	1.05016E-05	-2.14804E-05	19.41566211	6.75636E-06	-2.00187E-05	-26.2781461	3.74524E-06	-1.46171E-06
907	-10.20876125	-1.22612E-05	2.57522E-05	15.51848481	-8.72466E-06	2.79977E-05	-25.72724606	-3.5365E-06	-2.24555E-06
908	-13.5106694	-9.82293E-06	5.86855E-06	11.61132446	-7.9976E-06	5.59873E-06	-25.12199386	-1.82533E-06	2.69825E-07
909	-16.78063052	-1.15206E-05	-1.17037E-05	7.70280648	-1.45254E-05	-1.50471E-05	-24.483437	3.00474E-06	3.34338E-06
910	-20.03413696	-2.69688E-05	1.90063E-05	3.798978309	-2.95512E-05	1.8886E-05	-23.83311527	2.58234E-06	1.20329E-07
911	-23.28208421	-5.56187E-06	-6.95315E-06	-0.090303355	-9.04783E-06	-1.33289E-05	-23.19178085	3.48596E-06	6.37578E-06
912	-26.53534886	7.60298E-06	5.42484E-05	-3.956749408	1.35757E-05	5.72217E-05	-22.57859945	-5.97274E-06	-2.97327E-06
913	-29.80319572	-4.09229E-06	1.3858E-06	-7.792570206	8.2621E-07	-4.28558E-07	-22.01062552	-4.9185E-06	1.81436E-06
914	-33.09131839	1.66952E-05	-7.1814E-06	-11.58909899	1.49979E-05	-1.73439E-05	-21.5022194	1.69733E-06	1.01625E-05
915	-36.40245481	-8.42245E-07	-1.01244E-05	-15.33833468	-1.60695E-05	-8.11202E-06	-21.06412013	1.52272E-05	-2.01238E-06
916	-39.73476913	-1.25308E-05	-6.03638E-06	-19.0308509	-1.07006E-05	-7.69126E-06	-20.70391823	-1.83021E-06	1.65488E-06
917	-43.08347197	2.33697E-06	4.87085E-05	-22.65846899	4.38282E-06	4.55355E-05	-20.42500298	-2.04585E-06	3.17292E-06
918	-46.43934692	-4.98137E-05	-6.18154E-06	-26.21222079	-4.80511E-05	-5.9069E-06	-20.22712613	-1.76254E-06	-2.74641E-07
919	-49.79021475	-1.07789E-05	-1.46505E-05	-29.68407904	-1.24533E-05	-1.35478E-05	-20.10613571	1.6744E-06	-1.10269E-06
920	-53.12002049	-1.95284E-05	-7.1069E-06	-33.06569997	-3.98744E-05	-1.22321E-05	-20.05432052	2.0346E-05	5.12517E-06
921	-56.40887171	-1.15573E-05	-6.75392E-06	-36.34788153	-1.12185E-05	-5.25314E-06	-20.06099018	-3.38753E-07	-1.50078E-06
922	-59.63660212	-6.97723E-05	7.00391E-06	-39.52424934	-6.76325E-05	7.74116E-07	-20.11235278	-2.13977E-06	6.2298E-06
923	-62.77956674	8.96677E-06	-2.54164E-05	-42.5869777	7.41131E-06	-2.99752E-05	-20.19258904	1.55546E-06	4.55882E-06
924	-65.81331841	-1.63894E-05	-5.10483E-05	-45.52928128	-1.95081E-05	-5.14401E-05	-20.28403713	3.11864E-06	3.91813E-07
925	-68.71379758	5.91001E-06	-2.07847E-05	-48.34577667	4.91451E-06	-2.84917E-05	-20.36802091	9.95509E-07	7.70704E-06
926	-71.45468067	1.96741E-06	1.88726E-05	-51.02954139	8.79725E-06	2.62671E-05	-20.42513928	-6.82985E-06	-7.39458E-06
927	-74.01447439	5.37688E-06	-5.18875E-06	-53.57836045	-7.45874E-07	-7.36741E-06	-20.43611394	6.12276E-06	2.17866E-06
928	-76.37038526	4.69237E-05	1.57433E-05	-55.98821505	3.96752E-05	1.38814E-05	-20.38217021	7.24857E-06	1.86195E-06
929	-78.50128068	-3.89082E-07	-4.22755E-05	-58.25573786	4.50468E-06	-4.58311E-05	-20.24554281	-4.89376E-06	3.55564E-06
930	-80.39005755	-3.3111E-06	4.66551E-05	-60.38009974	-1.60338E-06	4.55704E-05	-20.0099578	-1.70772E-06	1.08472E-06
931	-82.02331807	6.87829E-05	-9.17167E-06	-62.36218252	6.94134E-05	-1.02217E-05	-19.66113555	-6.30516E-07	1.05002E-06
932	-83.38726515	5.72581E-06	-1.03139E-05	-64.20046905	5.70921E-06	-8.37419E-06	-19.1867961	1.66001E-08	-1.93967E-06
933	-84.47588902	-1.57467E-05	-1.31235E-05	-65.89853983	-7.2682E-06	-1.52165E-05	-18.5773492	-8.47849E-06	2.09304E-06
934	-85.28354667	-1.05426E-05	-2.38543E-07	-67.45763503	-1.12822E-05	-2.58925E-06	-17.82591164	7.39579E-07	2.35071E-06
935	-85.80982871	-2.62546E-05	-8.13581E-06	-68.88147133	-2.4102E-05	-6.49262E-06	-16.92835738	-2.15255E-06	-1.64318E-06
936	-86.05755446	6.86057E-06	8.51695E-06	-70.17393372	5.15668E-06	1.10213E-05	-15.88362073	1.70388E-06	-2.50434E-06
937	-86.03329926	5.66944E-06	-2.20512E-05	-71.33950661	1.95943E-06	-1.51278E-05	-14.69379265	3.71001E-06	-6.92338E-06
938	-85.74641835	6.58172E-05	-5.70974E-06	-72.38277827	6.73494E-05	-5.72825E-06	-13.36364007	-1.53216E-06	1.85082E-08
939	-85.21020154	-1.31046E-05	-2.98964E-05	-73.30908226	-8.56701E-06	-2.96797E-05	-11.90111928	-4.5376E-06	-2.16706E-07
940	-84.44015835	-2.51828E-06	-3.43573E-05	-74.12369962	-2.18523E-06	-4.18913E-05	-10.31645873	-3.3305E-07	7.53395E-06
941	-83.45487712	-3.02532E-06	1.08211E-05	-74.83209132	-6.63999E-06	7.7145E-06	-8.622785803	3.61468E-06	3.10659E-06
942	-82.27484274	-5.14752E-06	1.1482E-05	-75.43993598	-3.02875E-06	1.33518E-05	-6.834906764	-2.11877E-06	-1.86978E-06
943	-80.92166126	-1.49682E-05	1.25266E-05	-75.95205221	-2.03674E-05	1.20199E-05	-4.969609046	5.39919E-06	5.06732E-07
944	-79.41805982	-6.48399E-05	-2.1914E-05	-76.3731903	-5.83434E-05	-1.30841E-05	-3.044869521	-6.49642E-06	-8.82991E-06
945	-77.78849182	-7.17331E-05	3.94469E-05	-76.70910088	-7.20463E-05	4.54649E-05	-1.079390944	3.1321E-07	-6.01803E-06
946	-76.05603534	-8.44524E-06	-5.77118E-06	-76.96366921	-1.38738E-05	-6.17353E-06	0.90763387	5.42852E-06	4.02343E-07
947	-74.24406946	-1.91205E-06	4.88545E-06	-77.14170191	-4.61739E-06	6.65635E-06	2.89763245	2.70533E-06	-1.77091E-06
948	-72.37512461	2.002E-05	-7.0349E-06	-77.24772873	1.76422E-05	-4.87587E-06	4.872604123	2.37782E-06	-2.15904E-06
949	-70.47009036	-1.08038E-05	1.27581E-05	-77.28621229	-1.11867E-05	1.62405E-05	6.81612193	3.82843E-07	-3.48243E-06
950	-68.5466873	-1.05637E-05	1.47759E-05	-77.26006996	-1.3127E-05	1.60775E-05	8.713382665	2.56332E-06	-1.30161E-06
951	-66.62297664	4.82672E-05	1.70746E-05	-77.1750591	4.41551E-05	1.7509E-05	10.55208246	4.11212E-06	-4.3438E-07
952	-64.71196608	5.70659E-05	7.29046E-06	-77.03433327	6.05414E-05	5.2482E-06	12.32236719	-3.47551E-06	2.04226E-06
953	-62.82472503	1.57821E-05	4.30231E-05	-76.84192763	2.26004E-05	4.78663E-05	14.0172026	-6.81827E-06	-4.84328E-06
954	-60.97123433	6.01877E-05	-1.14165E-05	-76.60409347	4.5768E-05	-1.13128E-05	15.63285914	1.44197E-05	-1.03685E-07
955	-59.15572743	8.38864E-05	4.1877E-05	-76.32366524	7.66545E-05	4.03794E-05	17.1679378	7.2319E-06	1.49767E-06
956	-57.3821192	-1.53899E-06	-2.29956E-05	-76.00670426	-6.49972E-06	-2.52843E-05	18.62458506	4.96073E-06	2.28872E-06
957	-55.65127098	1.84162E-05	1.07432E-05	-75.65849042	2.26708E-05	1.21873E-05	20.00721944	-4.25459E-06	-1.44417E-06
958	-53.96060515	-8.64051E-06	7.95708E-06	-75.28313027	-8.81233E-06	2.79925E-06	21.32252512	1.71813E-07	5.15782E-06
959	-52.30825752	2.48167E-05	4.7249E-07	-74.88701006	2.01727E-05	-3.82507E-06	22.57875253	4.64397E-06	4.29756E-06
960	-50.68886225	1.59913E-05	1.92867E-05	-74.47449204	1.66716E-05	2.11008E-05	23.78562979	-6.80214E-07	-1.81402E-06
961	-49.0964066	-2.14684E-06	-2.17427E-05	-74.04950773	9.68135E-07	-1.9089E-05	24.95310113	-3.11497E-06	-2.65367E-06
962	-47.5263098	5.42057E-07	-1.5792E-06	-73.61750419	4.70058E-06	4.38826E-06	26.09119439	-4.15852E-06	-5.96746E-06
963	-45.9727807	-5.13715E-05	-2.7783E-05	-73.18217585	-5.71111E-05	-4.56929E-05	27.20939515	5.73961E-06	1.79099E-05
964	-44.43036825	-4.20744E-05	2.33562E-05	-72.74605911	-4.16083E-05	2.14173E-05	28.31569086	-4.6607E-07	1.93892E-06
965	-42.89504396	-3.85288E-05	1.12828E-05	-72.31094163	-3.94128E-05	9.84718E-06	29.41589767	8.8408E-07	1.43566E-06
966	-41.36390799	-2.59504E-05	-4.01143E-06	-71.87831816	-2.00297E-05	4.44916E-07	30.51441017	-5.92073E-06	-4.45634E-06
967	-39.83583691	2.70655E-05	5.93607E-05	-71.44843689	3.61687E-05	5.20359E-05	31.61259999	-9.10316E-06	7.32479E-06
968	-38.31062672	1.41125E-05	-2.8256E-05	-71.0197317	5.90765E-06	-2.87114E-05	32.70910498	8.2048E-06	4.55345E-07
969	-36.79008097	-3.53666E-05	1.70584E-05	-70.5903796	-3.56073E-05	1.77341E-05	33.80029863	2.40752E-07	-6.75707E-07
970	-35.27749613	2.36137E-05	5.96945E-05	-70.15722062	2.37583E-05	4.19755E-05	34.8797245	-1.44663E-07	1.77191E-05
971	-33.7767085	-9.57454E-07	-5.62815E-05	-69.71555727	-5.767E-06	-6.66817E-05	35.93884877	4.80954E-06	1.04003E-05
972	-32.29367979	2.12E-05	-7.80773E-07	-69.26077654	2.29534E-05	6.21221E-08	36.96709675	-1.75338E-06	-8.42895E-07
973	-30.83534889	1.54968E-05	5.2258E-07	-68.78780926	8.6948E-06	5.16585E-06	37.95246036	6.80195E-06	-4.64326E-06
974	-29.40848525	-1.44836E-05	-3.43769E-05	-68.29034229	-1.24804E-05	-3.44017E-05	38.88185704	-2.00313E-06	2.48039E-08
975	-28.02131797	-5.08765E-06	-6.6931E-06	-67.76286946	-5.80284E-06	-4.78216E-06	39.74155149	7.15197E-07	-1.91095E-06
976	-26.68093749	1.68962E-05	4.32117E-06	-67.1990966	1.59247E-05	-1.28946E-06	40.51815911	9.71477E-07	5.61063E-06
977	-25.39506547	-6.26285E-05	-1.92117E-05	-66.593147	-5.28661E-05	-2.56225E-05	41.19808153	-9.76248E-06	6.41085E-06
978	-24.17129225	4.34002E-05	7.28882E-06	-65.9402974	4.95892E-05	7.06623E-06	41.76900515	-6.18896E-06	2.2259E-07
979	-23.01585739	2.30694E-05	6.69982E-06	-65.23562274	2.43213E-05	1.04605E-05	42.21976535	-1.25185E-06	-3.76071E-06
980	-21.93568195	4.72711E-05	-4.03587E-06	-64.47607386	5.24453E-05	7.49842E-07	42.54039191	-5.1742E-06	-4.78571E-06
981	-20.93526448	-3.31865E-05	-2.89905E-06	-63.65788863	-2.84917E-05	-9.56478E-06	42.72262416	-4.69486E-06	6.66573E-06
982	-20.02045143	-2.52892E-05	4.04633E-06	-62.78092724	-2.32627E-05	1.0289E-06	42.76047581	-2.02642E-06	3.01743E-06
983	-19.19250005	8.49269E-06	3.3263E-05	-61.84194527	1.01329E-05	2.92135E-05	42.64944522	-1.64023E-06	4.04955E-06
984	-18.45618947	-1.94097E-05	4.81052E-06	-60.84360451	-2.17934E-05	5.992E-08	42.38741504	2.38377E-06	4.7506E-06
985	-17.81091409	7.28247E-06	-4.10977E-05	-59.78446486	4.82487E-06	-4.7897E-05	41.97355077	2.4576E-06	6.79932E-06
986	-17.25820552	-1.22095E-05	-1.05067E-06	-58.66809377	-4.59995E-06	-1.98454E-06	41.40988825	-7.60958E-06	9.33873E-07
987	-16.79680116	-1.37347E-05	-2.93363E-05	-57.49655829	-2.09996E-05	-3.34156E-05	40.69975713	7.26494E-06	4.07931E-06
988	-16.4240559	9.01713E-05	-2.11636E-05	-56.27259069	9.25976E-05	-2.59101E-05	39.84853479	-2.42629E-06	4.74649E-06
989	-16.13798201	-2.62974E-05	-3.55184E-05	-55.00082388	-3.72152E-05	-3.31262E-05	38.86284187	1.09178E-05	-2.39217E-06
990	-15.93401958	1.56319E-06	2.17893E-06	-53.68548388	-4.95947E-07	3.79947E-06	37.7514643	2.05914E-06	-1.62054E-06
991	-15.80597342	3.73899E-05	1.67747E-05	-52.32973603	3.55709E-05	1.65362E-05	36.52376261	1.819E-06	2.38479E-07
992	-15.74816215	-1.37639E-05	-4.6387E-05	-50.93903714	-1.52078E-05	-4.09451E-05	35.19087499	1.44386E-06	-5.44193E-06
993	-15.75249167	7.24871E-06	5.11153E-05	-49.51711631	1.90628E-05	5.11674E-05	33.76462464	-1.18141E-05	-5.21241E-08
994	-15.80971294	-1.11853E-05	-8.80757E-06	-48.06708248	-1.35846E-05	-1.41041E-06	32.25736954	2.39928E-06	-7.39716E-06
995	-15.91181913	-1.59586E-05	2.53397E-06	-46.59454231	-1.95117E-05	1.46915E-06	30.68272318	3.55309E-06	1.06482E-06
996	-16.04649426	4.33895E-05	-1.24065E-05	-45.1004171	4.54566E-05	-1.19155E-05	29.05392283	-2.06709E-06	-4.90952E-07
997	-16.20356836	1.90091E-05	-6.72235E-06	-43.58847585	1.82597E-05	4.60087E-08	27.3849075	7.49469E-07	-6.76836E-06
998	-16.37112874	2.85885E-05	5.60593E-05	-42.06056046	3.10484E-05	5.54454E-05	25.68943172	-2.45985E-06	6.13863E-07
999	-16.5371746	-3.01888E-06	-1.18495E-05	-40.51858202	1.29713E-07	-1.59652E-05	23.98140741	-3.14859E-06	4.11562E-06
1000	-16.688154	1.64817E-06	9.60427E-07	-38.96230525	2.34688E-06	-2.47947E-06	22.27415125	-6.98706E-07	3.43989E-06
