TimeStep	J_x_ref	J_y_ref	J_z_ref	Jconv_x_ref	Jconv_y_ref	Jconv_z_ref	Jcond_x_ref	Jcond_y_ref	Jcond_z_ref
0	75.4518	-4.00889E-06	-1.73978E-06	61.8973	-3.83055E-06	-9.25321E-07	13.5546	-1.78335E-07	-8.14461E-07
1	77.1816	-4.13454E-06	-1.64259E-06	62.544	-3.87782E-06	-8.73398E-07	14.6376	-2.56728E-07	-7.69192E-07
2	79.116	-4.24356E-06	-1.54224E-06	63.2968	-3.91622E-06	-8.29875E-07	15.8191	-3.27341E-07	-7.12363E-07
3	81.2408	-4.33511E-06	-1.44023E-06	64.1425	-3.94613E-06	-7.9526E-07	17.0983	-3.88981E-07	-6.44974E-07
4	83.5354	-4.40857E-06	-1.33828E-06	65.0664	-3.96793E-06	-7.69909E-07	18.469	-4.40639E-07	-5.68372E-07
5	85.9731	-4.4636E-06	-1.23831E-06	66.0531	-3.98207E-06	-7.54041E-07	19.9201	-4.81538E-07	-4.84272E-07
6	88.5214	-4.50013E-06	-1.14236E-06	67.0858	-3.98901E-06	-7.47711E-07	21.4356	-5.1112E-07	-3.94653E-07
7	91.1429	-4.51828E-06	-1.05257E-06	68.1474	-3.98923E-06	-7.50833E-07	22.9956	-5.29047E-07	-3.01738E-07
8	93.7961	-4.51847E-06	-9.71074E-07	69.2195	-3.98325E-06	-7.63172E-07	24.5766	-5.3522E-07	-2.07902E-07
9	96.4364	-4.50131E-06	-8.99942E-07	70.2835	-3.97158E-06	-7.84351E-07	26.1529	-5.29727E-07	-1.15591E-07
10	99.0171	-4.46759E-06	-8.41118E-07	71.3202	-3.95473E-06	-8.13868E-07	27.6969	-5.12863E-07	-2.72505E-08
11	101.491	-4.41832E-06	-7.96349E-07	72.3101	-3.93321E-06	-8.5111E-07	29.181	-4.85105E-07	5.47612E-08
12	103.811	-4.35464E-06	-7.67112E-07	73.2338	-3.90754E-06	-8.95365E-07	30.5775	-4.47103E-07	1.28253E-07
13	105.932	-4.27785E-06	-7.54577E-07	74.0719	-3.8782E-06	-9.45843E-07	31.8605	-3.99648E-07	1.91266E-07
14	107.812	-4.18937E-06	-7.59549E-07	74.8053	-3.84569E-06	-1.0017E-06	33.0062	-3.43678E-07	2.42147E-07
15	109.41	-4.09072E-06	-7.8242E-07	75.4158	-3.81047E-06	-1.06203E-06	33.9939	-2.8025E-07	2.7961E-07
16	110.692	-3.98348E-06	-8.23202E-07	75.8857	-3.77297E-06	-1.12594E-06	34.8062	-2.10505E-07	3.02736E-07
17	111.628	-3.86929E-06	-8.81463E-07	76.1984	-3.73361E-06	-1.1925E-06	35.43	-1.35678E-07	3.11032E-07
18	112.195	-3.74982E-06	-9.56375E-07	76.3386	-3.69277E-06	-1.2608E-06	35.856	-5.70516E-08	3.04425E-07
19	112.372	-3.62674E-06	-1.0467E-06	76.2922	-3.65077E-06	-1.32996E-06	36.0795	2.40279E-08	2.8326E-07
20	112.146	-3.50171E-06	-1.15087E-06	76.0468	-3.60793E-06	-1.39913E-06	36.0997	1.06218E-07	2.48257E-07
21	111.512	-3.37632E-06	-1.26699E-06	75.5916	-3.56449E-06	-1.46749E-06	35.9199	1.88171E-07	2.00502E-07
22	110.465	-3.25209E-06	-1.39293E-06	74.9176	-3.52067E-06	-1.5343E-06	35.5471	2.68572E-07	1.41369E-07
23	109.009	-3.13048E-06	-1.52634E-06	74.0176	-3.47663E-06	-1.59884E-06	34.9913	3.46142E-07	7.24931E-08
24	107.152	-3.01278E-06	-1.66478E-06	72.8864	-3.43249E-06	-1.66046E-06	34.2654	4.19702E-07	-4.31364E-09
25	104.905	-2.90018E-06	-1.80571E-06	71.5206	-3.38833E-06	-1.71859E-06	33.3841	4.88148E-07	-8.71195E-08
26	102.283	-2.7937E-06	-1.94661E-06	69.9191	-3.34419E-06	-1.77268E-06	32.364	5.50494E-07	-1.73929E-07
27	99.3052	-2.69418E-06	-2.08502E-06	68.0824	-3.30008E-06	-1.82226E-06	31.2227	6.05897E-07	-2.62764E-07
28	95.9918	-2.60234E-06	-2.21862E-06	66.0134	-3.25597E-06	-1.86691E-06	29.9784	6.53629E-07	-3.51708E-07
29	92.366	-2.51866E-06	-2.34524E-06	63.7167	-3.2118E-06	-1.90628E-06	28.6493	6.93143E-07	-4.38961E-07
30	88.4524	-2.44349E-06	-2.46294E-06	61.1989	-3.16752E-06	-1.94007E-06	27.2535	7.24027E-07	-5.22876E-07
31	84.2772	-0.000002377	-2.57003E-06	58.4687	-3.12302E-06	-1.96802E-06	25.8084	7.46018E-07	-6.02013E-07
32	79.8674	-2.31921E-06	-2.6651E-06	55.5366	-3.07822E-06	-1.98996E-06	24.3308	7.59012E-07	-6.75134E-07
33	75.2511	-2.26999E-06	-2.74701E-06	52.4149	-3.03301E-06	-2.00576E-06	22.8363	7.63021E-07	-7.41247E-07
34	70.4573	-2.22911E-06	-2.81495E-06	49.1177	-2.98729E-06	-2.01535E-06	21.3396	7.58188E-07	-7.99596E-07
35	65.5154	-2.1962E-06	-2.8684E-06	45.661	-2.94097E-06	-2.01873E-06	19.8544	7.44768E-07	-8.49677E-07
36	60.4556	-2.17085E-06	-2.90715E-06	42.0624	-2.89394E-06	-2.01593E-06	18.3932	7.23094E-07	-8.91219E-07
37	55.3085	-2.15257E-06	-2.93127E-06	38.341	-2.84614E-06	-2.00708E-06	16.9675	6.93573E-07	-9.24184E-07
38	50.1054	-2.1408E-06	-2.94105E-06	34.5175	-2.79749E-06	-1.99233E-06	15.5879	6.56685E-07	-9.4872E-07
39	44.8779	-2.13498E-06	-2.93708E-06	30.6141	-2.74793E-06	-1.97189E-06	14.2639	6.1295E-07	-9.65195E-07
40	39.6583	-2.1345E-06	-2.92014E-06	26.6539	-2.69742E-06	-1.94601E-06	13.0043	5.62921E-07	-9.74131E-07
41	34.4787	-2.13875E-06	-2.89117E-06	22.6615	-2.64593E-06	-1.91498E-06	11.8172	5.07186E-07	-9.76192E-07
42	29.3719	-2.1471E-06	-2.85129E-06	18.6624	-2.59346E-06	-1.87914E-06	10.7096	4.46363E-07	-9.72155E-07
43	24.3703	-2.1589E-06	-2.80173E-06	14.6826	-0.00000254	-1.83883E-06	9.68767	3.81093E-07	-9.629E-07
44	19.5061	-2.17352E-06	-2.74376E-06	10.7492	-2.48556E-06	-1.79443E-06	8.75688	3.1204E-07	-9.4933E-07
45	14.8109	-2.19024E-06	-2.6787E-06	6.8894	-2.43016E-06	-1.74632E-06	7.9215	2.3992E-07	-9.32381E-07
46	10.3155	-2.2084E-06	-2.60789E-06	3.13078	-2.37385E-06	-1.69489E-06	7.18469	1.65449E-07	-9.12999E-07
47	6.04926	-2.22724E-06	-2.5326E-06	-0.499062	-2.31665E-06	-1.64054E-06	6.54832	8.9408E-08	-8.92063E-07
48	2.04013	-0.000002246	-2.45406E-06	-3.9727	-2.25861E-06	-1.58366E-06	6.01283	1.26058E-08	-8.704E-07
49	-1.686	-2.2639E-06	-2.3734E-06	-7.2631	-2.19977E-06	-1.52465E-06	5.5771	-6.41295E-08	-8.48749E-07
50	-5.10555	-2.28009E-06	-2.29163E-06	-10.3439	-2.14017E-06	-1.46389E-06	5.2383	-1.3992E-07	-8.27741E-07
51	-8.19752	-2.29373E-06	-2.20964E-06	-13.1894	-2.07986E-06	-1.40175E-06	4.99188	-2.13873E-07	-8.07892E-07
52	-10.9438	-2.30397E-06	-2.12818E-06	-15.7752	-2.01887E-06	-1.3386E-06	4.83148	-2.85099E-07	-7.89583E-07
53	-13.3292	-2.30997E-06	-2.04791E-06	-18.0782	-1.95725E-06	-1.2748E-06	4.74899	-3.52721E-07	-7.73107E-07
54	-15.3419	-2.3109E-06	-1.96934E-06	-20.0766	-1.89502E-06	-1.2107E-06	4.73462	-4.1588E-07	-7.58638E-07
55	-16.9734	-2.30601E-06	-1.89288E-06	-21.7505	-1.83221E-06	-1.1466E-06	4.77708	-4.73794E-07	-7.46274E-07
56	-18.2182	-2.2946E-06	-1.81886E-06	-23.0819	-1.76885E-06	-1.08282E-06	4.86372	-5.25745E-07	-7.36039E-07
57	-19.0742	-2.27613E-06	-1.74761E-06	-24.0551	-1.70497E-06	-1.01964E-06	4.98086	-5.71161E-07	-7.27964E-07
58	-19.5424	-2.25014E-06	-1.67935E-06	-24.6565	-1.64056E-06	-9.573E-07	5.11402	-6.09582E-07	-7.22051E-07
59	-19.6267	-2.21639E-06	-1.61435E-06	-24.875	-1.57565E-06	-8.96013E-07	5.24827	-6.40738E-07	-7.18339E-07
60	-19.3337	-2.17476E-06	-1.55288E-06	-24.7023	-1.51024E-06	-8.35953E-07	5.36854	-6.64518E-07	-7.1693E-07
61	-18.6725	-2.12538E-06	-1.49525E-06	-24.1325	-1.44432E-06	-7.7725E-07	5.45996	-6.81056E-07	-7.18002E-07
62	-17.6544	-2.06855E-06	-1.44179E-06	-23.1626	-1.37788E-06	-7.19982E-07	5.5082	-6.9067E-07	-7.21812E-07
63	-16.2929	-2.0048E-06	-1.39288E-06	-21.7926	-1.31089E-06	-6.64178E-07	5.49968	-6.93911E-07	-7.28701E-07
64	-14.6029	-1.93483E-06	-1.34892E-06	-20.0248	-1.24331E-06	-6.09814E-07	5.42192	-6.9152E-07	-7.39106E-07
65	-12.601	-1.85954E-06	-1.31034E-06	-17.8647	-1.17507E-06	-5.56813E-07	5.26367	-6.84471E-07	-7.53525E-07
66	-10.3051	-1.77997E-06	-1.27754E-06	-15.3202	-1.1061E-06	-5.05044E-07	5.01511	-6.7387E-07	-7.725E-07
67	-7.73379	-1.69728E-06	-1.2509E-06	-12.4018	-1.0363E-06	-4.54321E-07	4.66798	-6.60986E-07	-7.96575E-07
68	-4.90673	-1.61274E-06	-1.23071E-06	-9.12233	-9.6556E-07	-4.04418E-07	4.2156	-6.47183E-07	-8.26295E-07
69	-1.84401	-1.52763E-06	-1.21717E-06	-5.49696	-8.9376E-07	-3.55055E-07	3.65295	-6.33874E-07	-8.62119E-07
70	1.43384	-1.44323E-06	-1.21034E-06	-1.54279	-8.20763E-07	-3.05915E-07	2.97663	-6.22469E-07	-9.0443E-07
71	4.90612	-1.36077E-06	-1.21013E-06	2.72126	-7.46438E-07	-2.56648E-07	2.18486	-6.14334E-07	-9.53484E-07
72	8.5521	-1.28138E-06	-1.21624E-06	7.27467	-6.70658E-07	-2.06869E-07	1.27743	-6.10723E-07	-1.00937E-06
73	12.3512	-1.20602E-06	-1.22818E-06	12.0955	-5.93315E-07	-1.56177E-07	0.255652	-6.12705E-07	-1.07201E-06
74	16.2832	-1.13548E-06	-1.24526E-06	17.1608	-5.14325E-07	-1.04149E-07	-0.877669	-6.21152E-07	-1.14111E-06
75	20.3283	-1.07033E-06	-1.26658E-06	22.4466	-4.33655E-07	-5.036E-08	-2.11824	-6.3668E-07	-1.21622E-06
76	24.4676	-1.0109E-06	-1.29101E-06	27.9279	-3.5131E-07	5.6228E-09	-3.46029	-6.59589E-07	-1.29663E-06
77	28.683	-9.57237E-07	-1.31728E-06	33.5795	-2.67364E-07	6.42089E-08	-4.89652	-6.89872E-07	-1.38148E-06
78	32.9574	-9.09168E-07	-1.3439E-06	39.3755	-1.81966E-07	1.25802E-07	-6.4181	-7.27201E-07	-1.4697E-06
79	37.2753	-8.66239E-07	-1.36927E-06	45.2898	-9.53362E-08	1.90776E-07	-8.01455	-7.70903E-07	-1.56005E-06
80	41.6223	-8.2779E-07	-1.39169E-06	51.2961	-7.78442E-09	2.59465E-07	-9.67376	-8.20006E-07	-1.65116E-06
81	45.9861	-7.92955E-07	-1.40936E-06	57.368	8.02974E-08	3.32165E-07	-11.3819	-8.73252E-07	-1.74152E-06
82	50.3558	-7.60702E-07	-1.42044E-06	63.4792	1.68434E-07	4.09107E-07	-13.1235	-9.29136E-07	-1.82955E-06
83	54.7224	-7.29917E-07	-1.42306E-06	69.6037	2.56068E-07	4.90485E-07	-14.8812	-9.85985E-07	-1.91355E-06
84	59.0789	-6.99406E-07	-1.41539E-06	75.7154	3.42573E-07	5.7641E-07	-16.6366	-1.04198E-06	-1.9918E-06
85	63.4198	-6.67985E-07	-1.39563E-06	81.7892	4.27264E-07	6.66942E-07	-18.3694	-1.09525E-06	-2.06257E-06
86	67.7415	-6.34527E-07	-1.36203E-06	87.8	5.09408E-07	7.62062E-07	-20.0585	-1.14393E-06	-2.12409E-06
87	72.0417	-5.98006E-07	-1.31294E-06	93.7238	5.88236E-07	8.61693E-07	-21.6821	-1.18624E-06	-2.17463E-06
88	76.3193	-5.57568E-07	-1.24684E-06	99.5372	6.62967E-07	9.65683E-07	-23.2179	-1.22053E-06	-2.21252E-06
89	80.5741	-5.12521E-07	-1.16229E-06	105.218	7.3283E-07	1.07383E-06	-24.6439	-1.24535E-06	-2.23612E-06
90	84.8065	-4.62453E-07	-1.05804E-06	110.745	7.9706E-07	1.18587E-06	-25.9386	-1.25951E-06	-2.24391E-06
91	89.0169	-4.07165E-07	-9.33016E-07	116.099	8.5495E-07	1.30148E-06	-27.0818	-1.26212E-06	-2.23449E-06
92	93.2056	-3.46725E-07	-7.8631E-07	121.26	9.0585E-07	1.4203E-06	-28.0548	-1.25257E-06	-2.20661E-06
93	97.3723	-2.81487E-07	-6.17238E-07	126.214	9.49182E-07	1.54193E-06	-28.8413	-1.23067E-06	-2.15917E-06
94	101.516	-2.12065E-07	-4.25372E-07	130.943	9.8446E-07	1.66595E-06	-29.4276	-1.19652E-06	-2.09132E-06
95	105.633	-1.39299E-07	-2.10561E-07	135.436	1.01131E-06	1.7919E-06	-29.8028	-1.15061E-06	-2.00246E-06
96	109.721	-6.42606E-08	2.70659E-08	139.681	1.02949E-06	1.9193E-06	-29.9597	-1.09375E-06	-1.89224E-06
97	113.774	1.18068E-08	2.87017E-07	143.668	1.03886E-06	2.04767E-06	-29.8946	-1.02705E-06	-1.76065E-06
98	117.784	8.75102E-08	5.68466E-07	147.391	1.03942E-06	2.17649E-06	-29.6074	-9.51911E-07	-1.60803E-06
99	121.742	1.61353E-07	8.70201E-07	150.845	1.03132E-06	2.30527E-06	-29.1022	-8.69965E-07	-1.43507E-06
100	125.638	2.31795E-07	1.19062E-06	154.025	1.01481E-06	2.43348E-06	-28.3866	-7.83016E-07	-1.24286E-06
101	129.459	2.97308E-07	1.52767E-06	156.931	9.90292E-07	2.56058E-06	-27.472	-6.92984E-07	-1.03291E-06
102	133.19	3.564E-07	1.87895E-06	159.563	9.58256E-07	2.68606E-06	-26.3733	-6.01856E-07	-8.07106E-07
103	136.815	4.07705E-07	2.24162E-06	161.924	9.19302E-07	2.80935E-06	-25.1086	-5.11597E-07	-5.67726E-07
104	140.319	4.49988E-07	2.61252E-06	164.018	8.74105E-07	2.92992E-06	-23.6987	-4.24117E-07	-3.17406E-07
105	143.684	4.82252E-07	2.98808E-06	165.85	8.23411E-07	3.04721E-06	-22.1667	-3.41159E-07	-5.91267E-08
106	146.891	5.03694E-07	3.36454E-06	167.428	7.67998E-07	3.16066E-06	-20.5377	-2.64304E-07	2.03881E-07
107	149.923	5.13819E-07	3.73786E-06	168.76	7.08683E-07	3.2697E-06	-18.8376	-1.94863E-07	4.68166E-07
108	152.762	5.12428E-07	4.1039E-06	169.855	6.46286E-07	3.37377E-06	-17.093	-1.33857E-07	7.30135E-07
109	155.392	4.99603E-07	4.45847E-06	170.722	5.81612E-07	3.4723E-06	-15.3304	-8.20096E-08	9.86162E-07
110	157.798	4.75799E-07	4.79738E-06	171.373	5.15462E-07	3.56475E-06	-13.5755	-3.9663E-08	1.23262E-06
111	159.967	4.41738E-07	5.11661E-06	171.819	4.48587E-07	3.65057E-06	-11.8522	-6.84919E-09	1.46604E-06
112	161.888	3.98462E-07	5.41238E-06	172.07	3.81711E-07	3.72923E-06	-10.1827	1.67516E-08	1.68314E-06
113	163.553	3.47271E-07	5.68119E-06	172.139	3.15508E-07	3.80024E-06	-8.58644	3.17632E-08	1.88096E-06
114	164.958	2.89699E-07	0.00000592	172.038	2.50606E-07	3.86312E-06	-7.07987	3.90928E-08	2.05689E-06
115	166.101	2.27478E-07	6.12623E-06	171.777	1.87594E-07	3.91744E-06	-5.67615	3.98841E-08	2.20879E-06
116	166.984	1.62452E-07	6.29786E-06	171.369	1.27006E-07	3.96282E-06	-4.38497	3.5446E-08	2.33504E-06
117	167.613	9.6541E-08	6.43347E-06	170.825	6.93398E-08	3.99892E-06	-3.21255	2.72012E-08	2.43455E-06
118	167.995	3.16928E-08	6.53231E-06	170.157	1.50591E-08	4.02547E-06	-2.16176	1.66337E-08	2.50684E-06
119	168.143	-3.01957E-08	6.59425E-06	169.376	-3.5409E-08	4.04224E-06	-1.23241	5.21327E-09	2.55201E-06
120	168.071	-8.73214E-08	6.61987E-06	168.493	-8.16657E-08	4.04909E-06	-0.421584	-5.65569E-09	2.57078E-06
121	167.794	-1.3804E-07	6.61035E-06	167.518	-1.23344E-07	4.04593E-06	0.275822	-1.46964E-08	2.56442E-06
122	167.329	-1.80876E-07	6.56751E-06	166.463	-1.60095E-07	4.03277E-06	0.866608	-2.07804E-08	2.53474E-06
123	166.695	-2.14556E-07	6.49372E-06	165.337	-1.91597E-07	4.00965E-06	1.35869	-2.2959E-08	2.48407E-06
124	165.909	-2.38091E-07	6.39183E-06	164.149	-2.17563E-07	3.97673E-06	1.76056	-2.05282E-08	2.4151E-06
125	164.989	-2.50698E-07	6.26512E-06	162.908	-2.37727E-07	3.93423E-06	2.08078	-1.29712E-08	2.3309E-06
126	163.951	-2.51858E-07	6.11717E-06	161.623	-2.51849E-07	3.88242E-06	2.32755	-9.07126E-12	2.23474E-06
127	162.808	-2.41276E-07	5.95178E-06	160.3	-2.5972E-07	3.82169E-06	2.50844	1.84437E-08	2.13009E-06
128	161.574	-2.1889E-07	5.77288E-06	158.944	-2.61155E-07	3.75248E-06	2.63016	4.22643E-08	2.0204E-06
129	160.258	-1.84847E-07	5.5844E-06	157.56	-2.56006E-07	3.67531E-06	2.69855	7.11593E-08	1.90909E-06
130	158.87	-1.39458E-07	5.39017E-06	156.151	-2.44144E-07	3.59076E-06	2.71864	1.04686E-07	1.79942E-06
131	157.415	-8.31943E-08	5.19387E-06	154.72	-2.25462E-07	3.49949E-06	2.69492	1.42268E-07	1.69438E-06
132	155.897	-1.6646E-08	4.99884E-06	153.265	-1.99879E-07	3.40222E-06	2.63161	1.83233E-07	1.59662E-06
133	154.319	5.95065E-08	4.80814E-06	151.786	-1.67316E-07	3.29973E-06	2.53309	2.26823E-07	1.50841E-06
134	152.685	1.44478E-07	4.62438E-06	150.281	-1.27721E-07	3.19284E-06	2.40433	2.72198E-07	1.43154E-06
135	150.996	2.37468E-07	4.4497E-06	148.745	-8.10318E-08	3.0824E-06	2.25137	3.185E-07	1.3673E-06
136	149.255	3.37585E-07	4.28577E-06	147.174	-2.72061E-08	2.96931E-06	2.08169	3.64791E-07	1.31646E-06
137	147.466	4.43965E-07	4.13374E-06	145.561	3.38119E-08	2.85445E-06	1.90461	4.10153E-07	1.27929E-06
138	145.633	5.55694E-07	3.99424E-06	143.901	1.02068E-07	2.73873E-06	1.73152	4.53626E-07	1.25551E-06
139	143.762	6.71867E-07	3.86742E-06	142.186	1.77608E-07	2.62301E-06	1.576	4.94259E-07	1.24441E-06
140	141.863	7.91582E-07	3.75294E-06	140.409	2.60477E-07	2.50814E-06	1.45381	5.31106E-07	1.24481E-06
141	139.945	9.13954E-07	3.65003E-06	138.563	3.50704E-07	2.39491E-06	1.38269	5.6325E-07	1.25513E-06
142	138.022	1.03812E-06	3.55752E-06	136.64	4.48311E-07	2.28404E-06	1.3821	5.89811E-07	1.27348E-06
143	136.107	1.16327E-06	3.4739E-06	134.635	5.53299E-07	2.17619E-06	1.47271	6.09967E-07	1.29771E-06
144	134.216	1.2886E-06	3.39738E-06	132.54	6.65636E-07	2.07193E-06	1.67584	6.2296E-07	1.32545E-06
145	132.364	1.41341E-06	3.32598E-06	130.351	7.85265E-07	1.97174E-06	2.01281	6.28145E-07	1.35424E-06
146	130.567	1.53708E-06	3.25753E-06	128.062	9.12091E-07	0.000001876	2.5042	6.24991E-07	1.38153E-06
147	128.84	1.65908E-06	3.18983E-06	125.671	1.04597E-06	1.78499E-06	3.16909	6.13108E-07	1.40483E-06
148	127.199	1.77898E-06	3.12064E-06	123.175	1.18673E-06	1.69891E-06	4.02436	5.92251E-07	1.42173E-06
149	125.654	1.89652E-06	3.0478E-06	120.57	1.33413E-06	1.61784E-06	5.08396	5.6239E-07	1.42996E-06
150	124.215	2.01155E-06	2.96927E-06	117.856	1.48789E-06	1.54179E-06	6.35832	5.23658E-07	1.42748E-06
151	122.887	2.12411E-06	2.88322E-06	115.033	1.64769E-06	1.47071E-06	7.8538	4.76423E-07	1.41251E-06
152	121.674	2.23441E-06	2.78806E-06	112.101	1.81315E-06	1.40445E-06	9.57232	4.21256E-07	1.3836E-06
153	120.573	2.34281E-06	2.68249E-06	109.061	1.98388E-06	1.34283E-06	11.5111	3.58935E-07	1.33966E-06
154	119.578	2.44986E-06	2.56558E-06	105.915	2.1594E-06	1.28563E-06	13.6624	2.90466E-07	1.27995E-06
155	118.679	2.55627E-06	2.43673E-06	102.665	2.33923E-06	1.23258E-06	16.0137	2.17041E-07	1.20416E-06
156	117.861	2.66286E-06	2.29576E-06	99.3131	2.52284E-06	1.18341E-06	18.5478	1.40021E-07	1.11235E-06
157	117.106	2.77063E-06	2.14285E-06	95.8634	2.70968E-06	1.13784E-06	21.2428	6.09504E-08	1.00502E-06
158	116.392	2.8806E-06	1.97862E-06	92.3195	2.89914E-06	1.0956E-06	24.0729	-1.85396E-08	8.83013E-07
159	115.694	2.99393E-06	1.80399E-06	88.6856	3.09062E-06	1.05645E-06	27.0086	-9.66893E-08	7.47543E-07
160	114.984	3.11174E-06	1.62027E-06	84.9668	3.28346E-06	1.02015E-06	30.017	-1.71728E-07	6.00122E-07
161	114.232	3.23513E-06	0.000001429	81.1686	3.47699E-06	9.86488E-07	33.0631	-2.41861E-07	4.42516E-07
162	113.407	3.36515E-06	1.23201E-06	77.2972	3.6705E-06	9.55308E-07	36.1097	-3.05356E-07	2.76699E-07
163	112.478	3.50273E-06	1.03126E-06	73.3596	3.86328E-06	9.26475E-07	39.1186	-3.60551E-07	1.04783E-07
164	111.415	3.64864E-06	8.28836E-07	69.3634	4.05458E-06	8.99895E-07	42.0514	-4.05937E-07	-7.10581E-08
165	110.187	3.80346E-06	6.26847E-07	65.3173	4.24365E-06	8.7549E-07	44.8699	-4.40188E-07	-2.48643E-07
166	108.768	3.96753E-06	4.27374E-07	61.2306	4.42973E-06	8.53224E-07	47.5372	-4.622E-07	-4.2585E-07
167	107.132	4.14091E-06	2.32377E-07	57.1137	4.61204E-06	8.33059E-07	50.0183	-4.71126E-07	-6.00682E-07
168	105.259	4.32339E-06	4.36788E-08	52.978	4.78982E-06	8.1498E-07	52.281	-4.66427E-07	-7.71301E-07
169	103.132	4.51445E-06	-1.37129E-07	48.8356	4.96231E-06	7.98956E-07	54.2965	-4.47851E-07	-9.36085E-07
170	100.739	4.71327E-06	-3.08716E-07	44.6996	5.12875E-06	7.84941E-07	56.0399	-4.15483E-07	-1.09366E-06
171	98.0753	4.91871E-06	-4.70021E-07	40.5841	5.28843E-06	7.72866E-07	57.4912	-3.6972E-07	-1.24289E-06
172	95.1391	5.12936E-06	-6.20287E-07	36.5041	5.44063E-06	7.62615E-07	58.6351	-3.11275E-07	-1.3829E-06
173	91.9369	5.3435E-06	-7.5908E-07	32.4751	5.58467E-06	7.54015E-07	59.4618	-2.41168E-07	-1.5131E-06
174	88.4809	5.55923E-06	-8.86255E-07	28.5137	5.71989E-06	7.46843E-07	59.9672	-1.60663E-07	-1.6331E-06
175	84.7894	5.7744E-06	-1.00194E-06	24.6369	5.84567E-06	7.40801E-07	60.1524	-7.12744E-08	-1.74274E-06
176	80.8869	5.98672E-06	-1.10653E-06	20.8624	5.96141E-06	7.35518E-07	60.0244	2.53034E-08	-1.84205E-06
177	76.8034	6.19379E-06	-1.20062E-06	17.2082	6.06655E-06	7.30562E-07	59.5952	1.27241E-07	-1.93119E-06
178	72.5744	6.39316E-06	-1.28499E-06	13.6926	6.16056E-06	7.25425E-07	58.8817	2.32599E-07	-2.01042E-06
179	68.2394	6.58233E-06	-1.36056E-06	10.3341	6.24292E-06	7.19544E-07	57.9053	3.39403E-07	-2.0801E-06
180	63.842	6.75887E-06	-1.42834E-06	7.15109	6.31319E-06	7.12302E-07	56.6909	4.45685E-07	-2.14064E-06
181	59.4283	6.92046E-06	-1.48937E-06	4.16178	6.37092E-06	7.03051E-07	55.2665	5.49531E-07	-2.19242E-06
182	55.0462	7.06485E-06	-1.54473E-06	1.38403	6.41574E-06	6.91127E-07	53.6622	6.49103E-07	-2.23586E-06
183	50.7445	0.00000719	-1.59548E-06	-1.16486	6.4473E-06	6.75858E-07	51.9094	7.427E-07	-2.27133E-06
184	46.5716	7.29408E-06	-1.6426E-06	-3.46836	6.46532E-06	6.56597E-07	50.04	8.28765E-07	-2.29919E-06
185	42.5742	7.37546E-06	-0.000001687	-5.51087	6.46956E-06	6.32742E-07	48.0851	9.05903E-07	-2.31975E-06
186	38.7968	7.43278E-06	-1.72952E-06	-7.2779	6.45987E-06	6.03751E-07	46.0747	9.72919E-07	-2.33327E-06
187	35.2802	7.46495E-06	-1.77085E-06	-8.75632	6.43616E-06	5.69159E-07	44.0365	1.02879E-06	-2.34001E-06
188	32.0609	7.47116E-06	-1.81157E-06	-9.93448	6.39844E-06	5.28613E-07	41.9953	1.07272E-06	-2.34018E-06
189	29.1701	7.4509E-06	-1.85212E-06	-10.8025	6.34681E-06	4.81866E-07	39.9726	1.10408E-06	-2.33398E-06
190	26.6335	7.40393E-06	-1.8928E-06	-11.3522	6.28146E-06	4.28809E-07	37.9857	1.12246E-06	-2.32161E-06
191	24.4704	7.33033E-06	-1.93375E-06	-11.5778	6.20269E-06	3.6947E-07	36.0481	1.12764E-06	-2.30322E-06
192	22.6934	7.23049E-06	-1.97495E-06	-11.4755	6.1109E-06	3.04013E-07	34.1689	1.11959E-06	-2.27896E-06
193	21.3089	7.10507E-06	-2.01624E-06	-11.0443	6.00658E-06	2.32759E-07	32.3531	1.09849E-06	-0.000002249
194	20.3164	6.95504E-06	-2.05728E-06	-10.2854	5.89033E-06	1.56158E-07	30.6018	1.06471E-06	-2.21343E-06
195	19.7096	6.78168E-06	-2.09756E-06	-9.20321	5.76285E-06	7.4804E-08	28.9128	1.01883E-06	-2.17236E-06
196	19.4761	6.58652E-06	-2.13644E-06	-7.80481	5.62488E-06	-1.05953E-08	27.2809	9.61633E-07	-2.12585E-06
197	19.5985	6.37139E-06	-2.17313E-06	-6.10036	5.47729E-06	-9.92191E-08	25.6989	8.94105E-07	-2.07391E-06
198	20.0551	6.13839E-06	-2.20668E-06	-4.10309	5.32096E-06	-1.90153E-07	24.1582	8.1743E-07	-2.01653E-06
199	20.8203	5.88982E-06	-2.23606E-06	-1.82928	5.15684E-06	-2.82413E-07	22.6496	7.3298E-07	-1.95364E-06
200	21.8661	5.62824E-06	-2.26014E-06	0.701769	4.98593E-06	-3.74956E-07	21.1643	6.42316E-07	-1.88518E-06
201	23.1623	5.35637E-06	-2.27777E-06	3.46784	4.80923E-06	-4.66717E-07	19.6945	5.47141E-07	-1.81106E-06
202	24.6781	5.07708E-06	-2.28777E-06	6.44397	4.62778E-06	-5.56604E-07	18.2342	4.49297E-07	-1.73116E-06
203	26.3826	4.79332E-06	-2.28898E-06	9.60273	4.44261E-06	-6.43536E-07	16.7799	3.50703E-07	-1.64545E-06
204	28.2455	4.50812E-06	-2.2804E-06	12.9144	4.25478E-06	-7.26465E-07	15.331	2.53338E-07	-1.55393E-06
205	30.2381	4.22447E-06	-2.26109E-06	16.3476	4.06531E-06	-8.04381E-07	13.8905	1.59157E-07	-1.45671E-06
206	32.3336	3.94531E-06	-2.23035E-06	19.8691	3.87522E-06	-8.7633E-07	12.4646	7.00887E-08	-1.35402E-06
207	34.508	3.67343E-06	-2.18767E-06	23.4449	3.68551E-06	-9.41443E-07	11.0631	-1.20754E-08	-1.24623E-06
208	36.7397	3.41149E-06	-2.13281E-06	27.0405	3.49716E-06	-9.98933E-07	9.6992	-8.56668E-08	-1.13388E-06
209	39.0102	3.16183E-06	-2.06586E-06	30.621	3.3111E-06	-1.04813E-06	8.38919	-1.49266E-07	-1.01773E-06
210	41.304	2.92654E-06	-1.98713E-06	34.1522	3.12823E-06	-1.08845E-06	7.15176	-2.01687E-07	-8.98674E-07
211	43.608	2.70737E-06	-1.89729E-06	37.6005	2.94941E-06	-1.11947E-06	6.00745	-2.42043E-07	-7.77823E-07
212	45.9117	2.50568E-06	-1.79731E-06	40.9339	2.77546E-06	-1.14087E-06	4.97785	-2.69774E-07	-6.56435E-07
213	48.2067	2.32241E-06	-1.68841E-06	44.1219	2.6071E-06	-1.1525E-06	4.08474	-2.84684E-07	-5.35909E-07
214	50.4858	2.15809E-06	-1.57203E-06	47.1367	2.44502E-06	-1.15433E-06	3.34914	-2.86925E-07	-4.17697E-07
215	52.7429	2.01282E-06	-1.44984E-06	49.9525	2.28984E-06	-1.1465E-06	2.79041	-2.77016E-07	-3.03335E-07
216	54.9722	1.88627E-06	-1.32359E-06	52.5469	2.14209E-06	-1.1293E-06	2.42529	-2.55822E-07	-1.94288E-07
217	57.1677	1.77768E-06	-1.19516E-06	54.9006	2.00224E-06	-1.10318E-06	2.26713	-2.24559E-07	-9.19755E-08
218	59.3225	1.68594E-06	-1.06641E-06	56.9975	1.87066E-06	-1.06874E-06	2.32507	-1.84728E-07	2.32513E-09
219	61.4287	1.60954E-06	-9.39198E-07	58.8252	1.74766E-06	-1.02673E-06	2.60353	-1.38116E-07	8.75368E-08
220	63.4768	1.54671E-06	-8.15249E-07	60.3751	1.63342E-06	-9.78059E-07	3.1017	-8.67118E-08	1.6281E-07
221	65.4555	1.49539E-06	-6.96177E-07	61.6421	1.52807E-06	-9.23743E-07	3.81332	-3.26784E-08	2.27566E-07
222	67.3516	1.45337E-06	-5.834E-07	62.625	1.43164E-06	-8.64927E-07	4.7266	2.17292E-08	2.81528E-07
223	69.1504	1.41826E-06	-4.78165E-07	63.3261	1.34406E-06	-8.02859E-07	5.8243	7.42063E-08	3.24694E-07
224	70.8354	1.38766E-06	-3.81496E-07	63.7513	1.26515E-06	-7.38854E-07	7.08412	1.22505E-07	3.57358E-07
225	72.3888	1.35912E-06	-2.94207E-07	63.9097	1.19466E-06	-6.74279E-07	8.47911	1.64461E-07	3.80073E-07
226	73.7922	1.33033E-06	-2.16924E-07	63.8138	1.13222E-06	-6.10522E-07	9.97835	1.98109E-07	3.93599E-07
227	75.0266	1.29909E-06	-1.50101E-07	63.4788	1.07736E-06	-5.4896E-07	11.5478	2.21729E-07	3.98859E-07
228	76.0737	1.2634E-06	-9.40436E-08	62.9227	1.02951E-06	-4.90926E-07	13.151	2.33895E-07	3.96882E-07
229	76.916	1.22154E-06	-4.89508E-08	62.1656	9.87985E-07	-4.37679E-07	14.7504	2.3356E-07	3.88728E-07
230	77.5378	1.17209E-06	-1.49382E-08	61.2297	9.52015E-07	-3.90375E-07	16.3081	2.20072E-07	3.75437E-07
231	77.9259	1.11396E-06	7.9071E-09	60.1388	9.20737E-07	-3.50045E-07	17.787	1.93222E-07	3.57953E-07
232	78.0701	1.04643E-06	1.94828E-08	58.9182	8.93206E-07	-3.17583E-07	19.152	1.53228E-07	3.37066E-07
233	77.9642	9.69168E-07	1.97499E-08	57.5936	8.68416E-07	-2.93701E-07	20.3705	1.00752E-07	3.13451E-07
234	77.6058	8.82176E-07	8.57377E-09	56.1919	8.45309E-07	-2.78956E-07	21.4139	3.68663E-08	2.87529E-07
235	76.9976	7.85823E-07	-1.4161E-08	54.7396	8.22812E-07	-2.73727E-07	22.258	-3.69897E-08	2.59566E-07
236	76.147	6.80782E-07	-4.85919E-08	53.2635	7.99843E-07	-2.7823E-07	22.8835	-1.19062E-07	2.29638E-07
237	75.0665	5.67991E-07	-9.48407E-08	51.79	7.75351E-07	-2.92518E-07	23.2765	-2.07359E-07	1.97678E-07
238	73.7739	4.48638E-07	-1.53022E-07	50.3448	7.48337E-07	-3.16512E-07	23.4291	-2.997E-07	1.6349E-07
239	72.2917	3.24043E-07	-2.23173E-07	48.9528	7.17873E-07	-3.50003E-07	23.3389	-3.9383E-07	1.2683E-07
240	70.6472	1.95645E-07	-3.05228E-07	47.6381	6.83122E-07	-3.92679E-07	23.0091	-4.87478E-07	8.74513E-08
241	68.8717	6.49416E-08	-3.9901E-07	46.4234	6.43372E-07	-4.44153E-07	22.4483	-5.7843E-07	4.5143E-08
242	67.0003	-6.65833E-08	-5.04178E-07	45.3305	5.98027E-07	-5.0398E-07	21.6698	-6.6461E-07	-1.97726E-10
243	65.071	-1.97509E-07	-6.20195E-07	44.3797	5.46633E-07	-5.71667E-07	20.6913	-7.44142E-07	-4.85276E-08
244	63.1242	-3.26485E-07	-7.46335E-07	43.5902	4.88879E-07	-6.46709E-07	19.5341	-8.15364E-07	-9.96257E-08
245	61.2017	-4.52329E-07	-8.81657E-07	42.9795	4.24585E-07	-7.28591E-07	18.2222	-8.76914E-07	-1.53067E-07
246	59.3457	-5.73977E-07	-1.02501E-06	42.5639	3.53722E-07	-8.16808E-07	16.7818	-9.27698E-07	-2.08203E-07
247	57.5986	-6.90558E-07	-1.17504E-06	42.3583	2.76384E-07	-9.10862E-07	15.2404	-9.66942E-07	-2.64182E-07
248	56.0016	-8.01348E-07	-1.33022E-06	42.3758	1.928E-07	-1.01028E-06	13.6257	-9.94148E-07	-3.19946E-07
249	54.5939	-9.0584E-07	-1.48887E-06	42.6283	1.03298E-07	-1.11459E-06	11.9656	-1.00914E-06	-3.74281E-07
250	53.4125	-1.00369E-06	-1.64919E-06	43.1258	8.30718E-09	-1.22336E-06	10.2867	-0.000001012	-4.25833E-07
251	52.4909	-1.09471E-06	-1.80932E-06	43.8767	-9.16397E-08	-1.33615E-06	8.61419	-1.00307E-06	-4.73164E-07
252	51.8589	-1.17888E-06	-1.96736E-06	44.8879	-1.95945E-07	-1.45255E-06	6.97099	-9.82932E-07	-5.14804E-07
253	51.5419	-1.25628E-06	-2.12142E-06	46.1643	-3.03939E-07	-1.57213E-06	5.37754	-9.52342E-07	-5.49291E-07
254	51.5603	-1.32715E-06	-2.26972E-06	47.709	-4.14899E-07	-1.69447E-06	3.85129	-9.12255E-07	-5.75248E-07
255	51.9297	-1.3918E-06	-2.41053E-06	49.5233	-5.28052E-07	-1.81912E-06	2.40642	-8.6375E-07	-5.91415E-07
256	52.66	-1.45062E-06	-2.54234E-06	51.6064	-6.42591E-07	-1.94563E-06	1.05364	-8.08028E-07	-5.96705E-07
257	53.7559	-1.50405E-06	-2.66379E-06	53.9557	-7.57682E-07	-2.07354E-06	-0.199887	-7.46364E-07	-5.90255E-07
258	55.2162	-1.55257E-06	-2.77378E-06	56.5668	-8.72477E-07	-2.20234E-06	-1.35059	-6.80093E-07	-5.71443E-07
259	57.0347	-1.59666E-06	-2.87146E-06	59.4331	-9.86115E-07	-2.33153E-06	-2.39841	-6.10543E-07	-5.39926E-07
260	59.1996	-1.63677E-06	-2.95625E-06	62.5463	-1.09774E-06	-2.46059E-06	-3.34668	-5.39029E-07	-4.95655E-07
261	61.6944	-1.67334E-06	-3.02787E-06	65.8962	-1.20651E-06	-2.58899E-06	-4.20184	-4.66829E-07	-4.38887E-07
262	64.4979	-1.70673E-06	-3.08637E-06	69.4711	-1.31162E-06	-2.71618E-06	-4.97322	-3.95109E-07	-3.7019E-07
263	67.5848	-1.7372E-06	-3.13208E-06	73.2573	-1.41227E-06	-2.84166E-06	-5.67257	-3.24936E-07	-2.90424E-07
264	70.9262	-1.76496E-06	-3.16564E-06	77.2399	-1.50773E-06	-2.96489E-06	-6.31373	-2.57229E-07	-2.00745E-07
265	74.4903	-1.79004E-06	-3.18794E-06	81.4023	-1.59731E-06	-3.08539E-06	-6.91208	-1.92734E-07	-1.0255E-07
266	78.2427	-1.81243E-06	-3.20019E-06	85.7267	-1.6804E-06	-3.2027E-06	-7.48405	-1.32032E-07	2.50908E-09
267	82.1475	-1.83194E-06	-3.20377E-06	90.1941	-1.75643E-06	-3.31637E-06	-8.04654	-7.55087E-08	1.12598E-07
268	86.1677	-1.84826E-06	-3.20029E-06	94.7841	-1.82492E-06	-3.42601E-06	-8.61637	-2.33462E-08	2.2572E-07
269	90.2657	-1.86105E-06	-3.19148E-06	99.4754	-1.88546E-06	-3.53126E-06	-9.20971	2.44157E-08	3.39773E-07
270	94.4044	-1.86979E-06	-3.17919E-06	104.246	-1.93772E-06	-3.63178E-06	-9.84152	6.79311E-08	4.52589E-07
271	98.5474	-1.87395E-06	-3.16528E-06	109.072	-1.98142E-06	-3.72727E-06	-10.525	1.07468E-07	5.61995E-07
272	102.66	-1.87295E-06	-3.15163E-06	113.931	-2.01635E-06	-3.81748E-06	-11.2712	1.43409E-07	6.65849E-07
273	106.708	-1.86619E-06	-3.14002E-06	118.797	-2.04239E-06	-3.90213E-06	-12.0886	1.76198E-07	7.62114E-07
274	110.662	-1.85313E-06	-3.13212E-06	123.645	-2.05944E-06	-3.98101E-06	-12.9828	2.06309E-07	8.48897E-07
275	114.493	-1.83327E-06	-3.1294E-06	128.449	-2.06747E-06	-4.0539E-06	-13.9562	2.34198E-07	9.24501E-07
276	118.175	-1.80618E-06	-3.13313E-06	133.184	-2.06648E-06	-4.12059E-06	-15.0085	2.60294E-07	9.87461E-07
277	121.687	-1.77157E-06	-3.14426E-06	137.823	-2.05651E-06	-4.18086E-06	-16.1358	2.84942E-07	1.03661E-06
278	125.009	-1.72929E-06	-3.16348E-06	142.341	-2.03767E-06	-4.23454E-06	-17.3317	3.08381E-07	1.07106E-06
279	128.124	-1.67931E-06	-3.19113E-06	146.711	-2.01006E-06	-4.28142E-06	-18.5872	3.3075E-07	1.0903E-06
280	131.018	-1.6218E-06	-3.2272E-06	150.909	-1.97384E-06	-4.32133E-06	-19.8912	3.52038E-07	1.09413E-06
281	133.678	-1.55706E-06	-3.27135E-06	154.909	-1.92919E-06	-4.35409E-06	-21.2311	3.72135E-07	1.08274E-06
282	136.097	-1.48556E-06	-3.32288E-06	158.69	-1.87635E-06	-4.37953E-06	-22.5931	3.90787E-07	1.05665E-06
283	138.264	-1.40792E-06	-3.38079E-06	162.228	-1.81557E-06	-4.39753E-06	-23.9636	4.07657E-07	1.01674E-06
284	140.174	-1.32487E-06	-3.44377E-06	165.503	-1.74717E-06	-4.40797E-06	-25.3292	4.22306E-07	9.64199E-07
285	141.819	-1.23728E-06	-3.51026E-06	168.497	-1.6715E-06	-4.41075E-06	-26.6778	4.34227E-07	9.00496E-07
286	143.193	-1.14605E-06	-3.5785E-06	171.192	-1.58896E-06	-4.40585E-06	-27.9991	4.42911E-07	8.2735E-07
287	144.29	-1.05221E-06	-3.64655E-06	173.575	-0.0000015	-4.39323E-06	-29.2849	4.47796E-07	7.46676E-07
288	145.104	-9.56741E-07	-3.71239E-06	175.635	-1.40513E-06	-4.37293E-06	-30.5302	4.48386E-07	6.60548E-07
289	145.628	-8.60698E-07	-3.77393E-06	177.361	-1.30489E-06	-4.34504E-06	-31.7328	4.44197E-07	5.71113E-07
290	145.855	-7.65092E-07	-3.82911E-06	178.748	-1.19992E-06	-4.30967E-06	-32.8938	4.34826E-07	4.8056E-07
291	145.776	-6.7089E-07	-3.87592E-06	179.793	-1.09086E-06	-4.26698E-06	-34.017	4.19975E-07	3.91058E-07
292	145.387	-5.79021E-07	-3.91254E-06	180.496	-9.78457E-07	-4.21719E-06	-35.1094	3.99436E-07	3.04655E-07
293	144.679	-4.90328E-07	-3.93726E-06	180.859	-8.63471E-07	-4.16055E-06	-36.1797	3.73144E-07	2.23292E-07
294	143.651	-4.05582E-07	-3.94865E-06	180.889	-7.46736E-07	-4.09735E-06	-37.2385	3.41155E-07	1.48703E-07
295	142.298	-3.25475E-07	-3.94557E-06	180.595	-6.29138E-07	-4.02792E-06	-38.2967	3.03663E-07	8.23538E-08
296	140.624	-2.50598E-07	-3.92715E-06	179.989	-5.11609E-07	-3.95261E-06	-39.3651	2.61011E-07	2.54661E-08
297	138.632	-1.81483E-07	-3.8929E-06	179.086	-3.95138E-07	-3.87181E-06	-40.4532	2.13654E-07	-2.10885E-08
298	136.335	-1.18535E-07	-3.84266E-06	177.903	-2.80745E-07	-3.78592E-06	-41.568	1.6221E-07	-5.67403E-08
299	133.747	-6.21318E-08	-3.77664E-06	176.46	-1.6951E-07	-3.69537E-06	-42.7134	1.07378E-07	-8.12709E-08
300	130.89	-1.25913E-08	-3.69539E-06	174.78	-6.25394E-08	-3.60058E-06	-43.8892	4.99481E-08	-9.48049E-08
301	127.794	2.98658E-08	-3.59981E-06	172.885	3.90339E-08	-3.50203E-06	-45.0904	-9.16817E-09	-9.7781E-08
302	124.493	6.49959E-08	-3.49113E-06	170.801	1.34054E-07	-3.40017E-06	-46.307	-6.9058E-08	-9.09576E-08
303	121.029	9.26041E-08	-3.37082E-06	168.553	2.21359E-07	-3.29549E-06	-47.5239	-1.28755E-07	-7.53255E-08
304	117.447	1.12487E-07	-3.24058E-06	166.168	2.99795E-07	-3.18848E-06	-48.7207	-1.87308E-07	-5.21041E-08
305	113.799	1.24435E-07	-3.10235E-06	163.672	3.68231E-07	-3.07964E-06	-49.8726	-2.43795E-07	-2.2708E-08
306	110.141	1.28222E-07	-2.95813E-06	161.092	4.25578E-07	-2.9695E-06	-50.951	-2.97356E-07	1.13676E-08
307	106.528	1.23576E-07	-2.81001E-06	158.453	4.70801E-07	-2.85858E-06	-51.9243	-3.47225E-07	4.85652E-08
308	103.021	1.10187E-07	-2.6601E-06	155.78	5.02942E-07	-2.74742E-06	-52.7595	-3.92755E-07	8.73148E-08
309	99.6737	8.77025E-08	-2.51047E-06	153.097	5.21132E-07	-2.63657E-06	-53.4233	-4.33429E-07	1.26098E-07
310	96.5425	5.57138E-08	-2.36305E-06	150.426	5.24613E-07	-2.52657E-06	-53.8835	-4.68899E-07	1.63517E-07
311	93.6771	1.37934E-08	-2.21965E-06	147.787	5.12753E-07	-2.41796E-06	-54.1103	-4.9896E-07	1.98313E-07
312	91.122	-3.85537E-08	-2.08183E-06	145.2	4.85042E-07	-2.31125E-06	-54.0781	-5.23596E-07	2.29415E-07
313	88.9148	-1.01815E-07	-1.95097E-06	142.681	4.41122E-07	-2.20693E-06	-53.7663	-5.42937E-07	2.55962E-07
314	87.0851	-1.76521E-07	-1.82812E-06	140.246	3.80771E-07	-2.10546E-06	-53.1607	-5.57292E-07	2.77336E-07
315	85.6535	-2.6316E-07	-1.71407E-06	137.907	3.03922E-07	-2.00724E-06	-52.2537	-5.67083E-07	2.93165E-07
316	84.6315	-3.62213E-07	-1.6093E-06	135.677	2.10643E-07	-1.91263E-06	-51.0455	-5.72856E-07	3.03328E-07
317	84.0209	-4.7411E-07	-1.51397E-06	133.565	1.01146E-07	-1.82192E-06	-49.5441	-5.75256E-07	3.07955E-07
318	83.8143	-5.99193E-07	-1.42792E-06	131.579	-2.4227E-08	-1.73535E-06	-47.7651	-5.74966E-07	3.07425E-07
319	83.9954	-7.37743E-07	-1.35072E-06	129.727	-1.65018E-07	-1.65306E-06	-45.7315	-5.72725E-07	3.02336E-07
320	84.5395	-8.899E-07	-1.28166E-06	128.013	-3.20652E-07	-1.57515E-06	-43.4734	-5.69249E-07	2.9349E-07
321	85.4146	-1.05568E-06	-1.2198E-06	126.441	-4.90457E-07	-1.50166E-06	-41.0268	-5.65227E-07	2.81859E-07
322	86.5826	-1.23498E-06	-1.16399E-06	125.015	-6.73676E-07	-1.43253E-06	-38.4328	-5.61303E-07	2.68544E-07
323	88.0001	-1.42753E-06	-1.11292E-06	123.737	-8.69475E-07	-1.36768E-06	-35.7366	-5.58051E-07	2.54759E-07
324	89.6204	-1.6329E-06	-1.06521E-06	122.606	-1.07695E-06	-1.30695E-06	-32.9856	-5.55955E-07	2.4174E-07
325	91.3944	-1.85053E-06	-1.01943E-06	121.623	-1.29513E-06	-1.25017E-06	-30.2288	-5.55401E-07	2.30732E-07
326	93.2721	-2.07967E-06	-9.74133E-07	120.787	-1.52299E-06	-1.19707E-06	-27.5146	-5.56682E-07	2.22942E-07
327	95.2041	-2.31947E-06	-9.27964E-07	120.094	-1.75948E-06	-1.14742E-06	-24.8898	-5.59992E-07	2.19453E-07
328	97.1427	-2.56891E-06	-8.79677E-07	119.541	-2.00348E-06	-1.1009E-06	-22.3982	-5.65429E-07	2.21219E-07
329	99.0434	-2.82682E-06	-8.2818E-07	119.122	-2.25383E-06	-1.05719E-06	-20.079	-5.72989E-07	2.2901E-07
330	100.865	-3.09193E-06	-7.72606E-07	118.831	-2.50935E-06	-1.01597E-06	-17.9659	-5.82588E-07	2.43362E-07
331	102.573	-3.36287E-06	-7.12327E-07	118.659	-2.76881E-06	-9.76882E-07	-16.0858	-5.94065E-07	2.64555E-07
332	104.136	-3.63814E-06	-6.46959E-07	118.595	-3.03096E-06	-9.39581E-07	-14.4589	-6.07173E-07	2.92622E-07
333	105.53	-3.91616E-06	-5.76416E-07	118.627	-3.29454E-06	-9.03716E-07	-13.0971	-6.21621E-07	3.27299E-07
334	106.736	-4.19528E-06	-5.00886E-07	118.74	-3.55823E-06	-8.68936E-07	-12.0048	-6.3705E-07	3.68051E-07
335	107.741	-4.4738E-06	-4.20846E-07	118.919	-3.82074E-06	-8.34918E-07	-11.1786	-6.53055E-07	4.14071E-07
336	108.538	-4.74996E-06	-3.37016E-07	119.146	-4.08075E-06	-8.01339E-07	-10.6077	-6.69204E-07	4.64323E-07
337	109.127	-0.000005022	-2.50345E-07	119.401	-4.33695E-06	-7.67906E-07	-10.2747	-6.8505E-07	5.17561E-07
338	109.508	-5.28817E-06	-1.6202E-07	119.665	-4.58803E-06	-7.34366E-07	-10.1564	-7.00137E-07	5.72346E-07
339	109.69	-5.54674E-06	-7.33444E-08	119.914	-4.83272E-06	-7.00487E-07	-10.2246	-7.1402E-07	6.27143E-07
340	109.68	-5.79603E-06	1.42537E-08	120.128	-5.06976E-06	-6.66078E-07	-10.448	-7.26276E-07	6.80332E-07
341	109.491	-6.03446E-06	9.92795E-08	120.283	-5.29794E-06	-6.31007E-07	-10.7926	-7.3652E-07	7.30286E-07
342	109.134	-6.26052E-06	1.80247E-07	120.358	-5.51612E-06	-5.95173E-07	-11.2236	-7.44406E-07	7.7542E-07
343	108.623	-6.47285E-06	2.55714E-07	120.329	-5.7232E-06	-5.5854E-07	-11.7064	-7.4965E-07	8.14254E-07
344	107.969	-6.67019E-06	3.24362E-07	120.177	-5.91817E-06	-5.2111E-07	-12.2079	-7.52018E-07	8.45472E-07
345	107.184	-6.85148E-06	3.84997E-07	119.882	-6.10013E-06	-4.82948E-07	-12.6974	-7.51351E-07	8.67945E-07
346	106.276	-7.01577E-06	4.36655E-07	119.424	-6.26824E-06	-4.44156E-07	-13.1478	-7.47531E-07	8.80811E-07
347	105.252	-7.16233E-06	4.78584E-07	118.788	-6.42181E-06	-4.04889E-07	-13.536	-7.40526E-07	8.83473E-07
348	104.116	-7.29056E-06	5.10306E-07	117.959	-6.56023E-06	-3.65334E-07	-13.8435	-7.3033E-07	8.7564E-07
349	102.869	-7.40005E-06	5.31611E-07	116.926	-6.68304E-06	-3.25717E-07	-14.0569	-7.17018E-07	8.57328E-07
350	101.511	-7.49056E-06	5.42579E-07	115.678	-6.78987E-06	-2.86281E-07	-14.1678	-7.00688E-07	8.2886E-07
351	100.037	-7.56202E-06	5.43585E-07	114.21	-6.88052E-06	-2.47288E-07	-14.1727	-6.81494E-07	7.90873E-07
352	98.4427	-7.61449E-06	5.35266E-07	112.516	-6.95488E-06	-2.09003E-07	-14.0729	-6.5961E-07	7.44269E-07
353	96.7205	-7.6482E-06	5.1851E-07	110.594	-7.01295E-06	-1.71696E-07	-13.8739	-6.35245E-07	6.90206E-07
354	94.862	-7.66353E-06	4.94445E-07	108.447	-7.05489E-06	-1.35611E-07	-13.5852	-6.08644E-07	6.30056E-07
355	92.8582	-7.66098E-06	4.64368E-07	106.077	-7.08092E-06	-1.00979E-07	-13.2189	-5.80058E-07	5.65347E-07
356	90.7005	-7.64116E-06	4.29733E-07	103.49	-7.09139E-06	-6.79959E-08	-12.7898	-5.49771E-07	4.97729E-07
357	88.3806	-7.60481E-06	3.92083E-07	100.695	-7.08674E-06	-3.68237E-08	-12.3141	-5.18065E-07	4.28907E-07
358	85.8917	-7.55273E-06	3.5302E-07	97.7005	-7.0675E-06	-7.57347E-09	-11.8088	-4.85233E-07	3.60594E-07
359	83.2288	-7.48585E-06	3.14146E-07	94.5198	-7.03427E-06	1.9694E-08	-11.291	-4.51575E-07	2.94452E-07
360	80.3895	-7.40511E-06	2.77003E-07	91.1663	-6.98773E-06	4.49684E-08	-10.7769	-4.17386E-07	2.32034E-07
361	77.374	-7.31155E-06	2.43051E-07	87.6552	-6.92861E-06	6.83004E-08	-10.2812	-3.82944E-07	1.74751E-07
362	74.1862	-7.20622E-06	2.13617E-07	84.0028	-6.8577E-06	8.97997E-08	-9.81663	-3.48514E-07	1.23817E-07
363	70.8334	-7.09019E-06	1.89849E-07	80.2266	-6.77585E-06	1.09622E-07	-9.39322	-3.14342E-07	8.02275E-08
364	67.3267	-6.96456E-06	1.72713E-07	76.3446	-6.68392E-06	1.27983E-07	-9.01793	-2.8064E-07	4.47301E-08
365	63.6814	-6.8304E-06	1.62962E-07	72.3758	-6.58282E-06	1.45142E-07	-8.69434	-2.47578E-07	1.78199E-08
366	59.9167	-6.68879E-06	1.61108E-07	68.3392	-6.47347E-06	1.61391E-07	-8.4225	-2.15323E-07	-2.8393E-10
367	56.0555	-6.54079E-06	1.67456E-07	64.2543	-6.3568E-06	1.77056E-07	-8.19883	-1.8399E-07	-9.60004E-09
368	52.1245	-6.38744E-06	1.82107E-07	60.1408	-6.23376E-06	1.92487E-07	-8.01625	-1.53681E-07	-1.03799E-08
369	48.1538	-6.22975E-06	2.04957E-07	56.0182	-6.10526E-06	2.08044E-07	-7.8644	-1.24488E-07	-3.08626E-09
370	44.1762	-6.06875E-06	2.35721E-07	51.9062	-5.97223E-06	2.2409E-07	-7.72995	-9.65197E-08	1.16309E-08
371	40.2269	-5.90541E-06	2.73986E-07	47.8239	-5.83553E-06	2.40996E-07	-7.59709	-6.98768E-08	3.29902E-08
372	36.3425	-5.74076E-06	3.19224E-07	43.7905	-5.69603E-06	2.59116E-07	-7.44807	-4.47303E-08	6.01081E-08
373	32.5607	-5.5758E-06	3.70802E-07	39.8246	-5.55452E-06	2.78793E-07	-7.26384	-2.12838E-08	9.20093E-08
374	28.9196	-5.41158E-06	4.28071E-07	35.9443	-5.41174E-06	3.00358E-07	-7.02471	1.65651E-10	1.27714E-07
375	25.4562	-5.24914E-06	4.90317E-07	32.1673	-5.26838E-06	3.24113E-07	-6.7111	1.92444E-08	1.66204E-07
376	22.2063	-5.08956E-06	5.56877E-07	28.5105	-5.12504E-06	3.50353E-07	-6.30421	3.54796E-08	2.06524E-07
377	19.2034	-4.93398E-06	6.27089E-07	24.9902	-4.98227E-06	3.7934E-07	-5.78677	4.82964E-08	2.47748E-07
378	16.478	-4.78349E-06	7.00349E-07	21.6216	-4.84052E-06	4.11324E-07	-5.14363	5.70304E-08	2.89025E-07
379	14.0567	-4.63925E-06	7.76126E-07	18.4191	-4.70018E-06	4.46525E-07	-4.36237	6.09331E-08	3.29601E-07
380	11.962	-4.50237E-06	8.53943E-07	15.3958	-4.56155E-06	4.85136E-07	-3.43377	5.91809E-08	3.68807E-07
381	10.2116	-4.37393E-06	9.33417E-07	12.5638	-4.42487E-06	5.27324E-07	-2.35219	5.09432E-08	4.06093E-07
382	8.81789	-4.25495E-06	1.01426E-06	9.93372	-4.29032E-06	5.73225E-07	-1.11583	3.53727E-08	4.41036E-07
383	7.78796	-4.14636E-06	1.09625E-06	7.51485	-4.15802E-06	6.22929E-07	0.273114	1.16633E-08	4.73317E-07
384	7.12344	-4.04889E-06	1.17923E-06	5.31497	-4.02803E-06	6.76483E-07	1.80847	-2.08613E-08	5.02746E-07
385	6.82057	-3.96321E-06	1.26313E-06	3.34039	-3.90041E-06	7.33882E-07	3.48018	-6.28001E-08	5.2925E-07
386	6.87036	-3.88971E-06	1.34795E-06	1.5959	-3.77517E-06	7.95059E-07	5.27446	-1.14537E-07	5.52888E-07
387	7.25896	-3.82857E-06	1.43369E-06	0.0847748	-3.65232E-06	8.59884E-07	7.17418	-1.76251E-07	5.73803E-07
388	7.96809	-3.77975E-06	1.52039E-06	-1.19112	-3.53188E-06	9.28149E-07	9.15921	-2.47873E-07	5.92244E-07
389	8.97556	-3.74293E-06	1.60812E-06	-2.23128	-3.41386E-06	9.99582E-07	11.2068	-3.29075E-07	6.08537E-07
390	10.2559	-3.71753E-06	1.69689E-06	-3.03647	-3.2983E-06	1.07383E-06	13.2924	-4.19238E-07	6.23057E-07
391	11.781	-3.70272E-06	1.78669E-06	-3.60857	-3.18525E-06	1.15048E-06	15.3896	-5.17475E-07	6.36218E-07
392	13.5209	-3.69743E-06	1.87748E-06	-3.95048	-3.07479E-06	1.22903E-06	17.4714	-6.22644E-07	6.48443E-07
393	15.4445	-3.7004E-06	1.96907E-06	-4.06596	-2.96703E-06	1.30896E-06	19.5104	-7.33371E-07	6.60112E-07
394	17.5199	-3.71017E-06	2.06124E-06	-3.95952	-2.86209E-06	1.38966E-06	21.4795	-8.48076E-07	6.71575E-07
395	19.716	-3.72513E-06	2.15362E-06	-3.63631	-2.76011E-06	1.47053E-06	23.3523	-9.65027E-07	6.83093E-07
396	22.0023	-3.74364E-06	2.24574E-06	-3.102	-2.66122E-06	1.55091E-06	25.1043	-1.08241E-06	6.94831E-07
397	24.3499	-3.76397E-06	2.33699E-06	-2.36272	-2.5656E-06	1.63017E-06	26.7127	-1.19837E-06	7.06821E-07
398	26.7322	-3.78443E-06	2.42664E-06	-1.42499	-2.47339E-06	1.70766E-06	28.1572	-1.31104E-06	7.18976E-07
399	29.125	-3.80337E-06	2.51382E-06	-0.295632	-2.38473E-06	1.78275E-06	29.4207	-1.41865E-06	7.31068E-07
400	31.5075	-3.81928E-06	2.59757E-06	1.0182	-2.29974E-06	1.85484E-06	30.4893	-1.51955E-06	7.42727E-07
401	33.8621	-3.83079E-06	2.67681E-06	2.50909	-2.21852E-06	1.92336E-06	31.353	-1.61227E-06	7.53453E-07
402	36.1747	-3.83666E-06	2.75043E-06	4.16935	-2.14114E-06	1.98777E-06	32.0054	-1.69552E-06	7.62656E-07
403	38.4353	-3.83592E-06	2.81723E-06	5.99102	-2.06763E-06	2.04759E-06	32.4443	-1.76828E-06	7.6964E-07
404	40.6375	-3.82777E-06	2.87605E-06	7.96587	-0.000001998	2.10236E-06	32.6716	-1.82977E-06	7.73687E-07
405	42.7784	-3.81167E-06	2.9257E-06	10.0854	-1.9322E-06	2.15166E-06	32.693	-1.87947E-06	7.74042E-07
406	44.8589	-3.7873E-06	2.96509E-06	12.3407	-1.87015E-06	2.1951E-06	32.5181	-1.91714E-06	7.69991E-07
407	46.8828	-3.75453E-06	2.99321E-06	14.7227	-1.81174E-06	2.23234E-06	32.1601	-1.94279E-06	7.60873E-07
408	48.857	-3.71347E-06	3.00917E-06	17.2219	-1.75682E-06	2.26303E-06	31.6351	-1.95666E-06	7.46138E-07
409	50.7904	-3.66441E-06	3.01226E-06	19.8283	-1.70521E-06	2.28688E-06	30.9621	-1.9592E-06	7.25384E-07
410	52.6938	-3.60778E-06	0.000003002	22.5315	-1.65671E-06	2.30359E-06	30.1623	-1.95107E-06	6.98407E-07
411	54.5793	-3.5442E-06	2.97806E-06	25.3208	-1.61113E-06	2.31289E-06	29.2584	-1.93308E-06	6.65179E-07
412	56.4591	-3.47436E-06	2.9404E-06	28.1848	-1.56823E-06	2.3145E-06	28.2743	-1.90614E-06	6.25899E-07
413	58.3457	-3.39907E-06	2.8892E-06	31.1116	-1.52779E-06	2.30819E-06	27.2342	-1.87127E-06	5.81014E-07
414	60.2506	-3.31922E-06	2.82491E-06	34.0886	-1.48963E-06	2.29372E-06	26.1619	-1.82958E-06	5.31195E-07
415	62.1837	-3.23574E-06	2.74822E-06	37.103	-1.45354E-06	2.27088E-06	25.0808	-1.78219E-06	4.77331E-07
416	64.1533	-3.14962E-06	2.66003E-06	40.1409	-1.41936E-06	2.23951E-06	24.0124	-1.73026E-06	4.20515E-07
417	66.1649	-3.06192E-06	2.5615E-06	43.1882	-1.38695E-06	2.19948E-06	22.9767	-1.67497E-06	3.62015E-07
418	68.2215	-2.97365E-06	2.4539E-06	46.2303	-1.35619E-06	2.1507E-06	21.9912	-1.61746E-06	3.03208E-07
419	70.3227	-2.88592E-06	2.33873E-06	49.2519	-1.32702E-06	2.09315E-06	21.0707	-1.5589E-06	2.45579E-07
420	72.4649	-2.79981E-06	2.21754E-06	52.2378	-1.29941E-06	2.02691E-06	20.2271	-1.50039E-06	1.90631E-07
421	74.6416	-2.71641E-06	2.09198E-06	55.1723	-1.27336E-06	1.95213E-06	19.4692	-1.44304E-06	1.39854E-07
422	76.8428	-2.6368E-06	1.96374E-06	58.0399	-1.24892E-06	1.86907E-06	18.8028	-1.38788E-06	9.46679E-08
423	79.0559	-2.56206E-06	1.83447E-06	60.8252	-1.22616E-06	1.7781E-06	18.2307	-1.3359E-06	5.6365E-08
424	81.266	-2.4932E-06	1.70581E-06	63.5134	-1.20521E-06	1.67973E-06	17.7526	-1.28798E-06	2.60814E-08
425	83.456	-2.43118E-06	1.57929E-06	66.09	-1.18623E-06	1.57457E-06	17.366	-1.24495E-06	4.72369E-09
426	85.6076	-2.37689E-06	1.45637E-06	68.5417	-1.1694E-06	1.4634E-06	17.0659	-1.20749E-06	-7.03119E-09
427	87.7016	-2.3311E-06	1.33833E-06	70.856	-1.15494E-06	1.34712E-06	16.8456	-1.17616E-06	-8.78977E-09
428	89.7189	-2.29445E-06	1.22632E-06	73.0219	-1.14309E-06	1.22676E-06	16.697	-1.15136E-06	-4.3393E-10
429	91.6405	-2.26741E-06	1.12133E-06	75.0296	-1.13408E-06	1.10347E-06	16.6109	-1.13333E-06	1.78515E-08
430	93.4486	-2.2503E-06	1.02413E-06	76.8711	-1.12818E-06	9.78547E-07	16.5776	-1.12212E-06	4.55838E-08
431	95.1268	-2.24324E-06	9.35397E-07	78.5398	-1.12562E-06	8.53366E-07	16.587	-1.11762E-06	8.20314E-08
432	96.6605	-2.24616E-06	8.55559E-07	80.0313	-1.12663E-06	7.29392E-07	16.6292	-1.11953E-06	1.26167E-07
433	98.0373	-2.25881E-06	7.84914E-07	81.3427	-1.13138E-06	6.08161E-07	16.6945	-1.12743E-06	1.76752E-07
434	99.2469	-2.28076E-06	7.23618E-07	82.4731	-1.14002E-06	4.91256E-07	16.7739	-1.14074E-06	2.32362E-07
435	100.282	-2.3114E-06	6.71685E-07	83.4232	-1.15262E-06	3.80276E-07	16.8585	-1.15878E-06	2.91409E-07
436	101.136	-2.34998E-06	6.29008E-07	84.196	-1.16917E-06	2.7681E-07	16.9402	-1.18081E-06	3.52198E-07
437	101.807	-2.39566E-06	5.95429E-07	84.7956	-1.18961E-06	1.82428E-07	17.0115	-1.20605E-06	4.13001E-07
438	102.293	-2.44749E-06	5.70678E-07	85.2282	-1.21376E-06	9.86224E-08	17.0651	-1.23373E-06	4.72056E-07
439	102.595	-2.50443E-06	5.5448E-07	85.5014	-1.24136E-06	2.68195E-08	17.094	-1.26307E-06	5.27661E-07
440	102.716	-2.56544E-06	5.46508E-07	85.6244	-1.27206E-06	-3.16911E-08	17.0915	-1.29338E-06	5.78199E-07
441	102.658	-2.62945E-06	5.46452E-07	85.6074	-1.30544E-06	-7.57423E-08	17.0507	-1.32401E-06	6.22195E-07
442	102.427	-2.69538E-06	5.54008E-07	85.4621	-0.000001341	-1.04336E-07	16.9649	-1.35438E-06	6.58343E-07
443	102.028	-2.76215E-06	5.68901E-07	85.2013	-1.37816E-06	-1.16649E-07	16.8271	-0.000001384	6.8555E-07
444	101.469	-2.82874E-06	5.90891E-07	84.8389	-1.41631E-06	-1.12058E-07	16.6304	-1.41244E-06	7.02949E-07
445	100.757	-2.8941E-06	6.19783E-07	84.3895	-1.4548E-06	-9.0152E-08	16.3676	-1.4393E-06	7.09935E-07
446	99.9005	-2.95724E-06	6.55425E-07	83.8687	-1.49298E-06	-5.07346E-08	16.0318	-1.46426E-06	7.06159E-07
447	98.9092	-3.01716E-06	6.97707E-07	83.2927	-1.53017E-06	6.17046E-09	15.6165	-1.48699E-06	6.91537E-07
448	97.7939	-3.07292E-06	7.46569E-07	82.6785	-1.56573E-06	8.03254E-08	15.1154	-1.50719E-06	6.66243E-07
449	96.5667	-3.12355E-06	8.01959E-07	82.0435	-1.59903E-06	1.71268E-07	14.5232	-1.52452E-06	6.3069E-07
450	95.2413	-3.16818E-06	8.63858E-07	81.4058	-1.6295E-06	2.78349E-07	13.8355	-1.53869E-06	5.85508E-07
451	93.8329	-3.20593E-06	9.32242E-07	80.7836	-1.65659E-06	4.00722E-07	13.0493	-1.54934E-06	5.3152E-07
452	92.3588	-3.23597E-06	1.00709E-06	80.1954	-1.67983E-06	5.37376E-07	12.1633	-1.55614E-06	4.69712E-07
453	90.838	-3.25755E-06	1.08834E-06	79.6602	-1.6988E-06	6.87152E-07	11.1778	-1.55875E-06	4.01185E-07
454	89.2918	-3.27002E-06	1.1759E-06	79.1967	-1.71315E-06	8.4876E-07	10.095	-1.55687E-06	3.27139E-07
455	87.7431	-3.27281E-06	1.26965E-06	78.8236	-1.7226E-06	1.02082E-06	8.91947	-1.55022E-06	2.4883E-07
456	86.2168	-3.2655E-06	1.36938E-06	78.5593	-1.72692E-06	1.20184E-06	7.65747	-1.53858E-06	1.67532E-07
457	84.7393	-3.24781E-06	1.47484E-06	78.4218	-0.000001726	1.39032E-06	6.31742	-1.52181E-06	8.45145E-08
458	83.3381	-3.21964E-06	1.58571E-06	78.4286	-1.71976E-06	1.58468E-06	4.90949	-1.49988E-06	1.02458E-09
459	82.0414	-3.18108E-06	1.7016E-06	78.596	-1.70823E-06	1.78335E-06	3.44546	-1.47285E-06	-8.17526E-08
460	80.8778	-3.1324E-06	1.82206E-06	78.9395	-1.6915E-06	1.98475E-06	1.93833	-1.4409E-06	-1.62689E-07
461	79.8752	-3.07406E-06	1.94656E-06	79.4732	-1.66974E-06	2.18732E-06	0.402038	-1.40432E-06	-2.40752E-07
462	79.0606	-3.00674E-06	2.07454E-06	80.2096	-1.64322E-06	2.38953E-06	-1.14896	-1.36352E-06	-3.14991E-07
463	78.4593	-2.93128E-06	2.20535E-06	81.1594	-1.61226E-06	2.58991E-06	-2.7001	-1.31902E-06	-3.84564E-07
464	78.0944	-2.84869E-06	2.33829E-06	82.3314	-1.57727E-06	2.78703E-06	-4.23707	-1.27142E-06	-4.48735E-07
465	77.9859	-2.76013E-06	2.47262E-06	83.7322	-1.53873E-06	2.97951E-06	-5.74622	-1.22139E-06	-5.06892E-07
466	78.1508	-2.66685E-06	2.60753E-06	85.3657	-1.49719E-06	3.16607E-06	-7.21484	-1.16966E-06	-5.58533E-07
467	78.6021	-2.5702E-06	2.74216E-06	87.2336	-1.45322E-06	3.34545E-06	-8.63147	-1.11697E-06	-6.03297E-07
468	79.3489	-2.47156E-06	2.87556E-06	89.335	-1.40747E-06	3.51652E-06	-9.98608	-1.06409E-06	-6.40959E-07
469	80.3958	-2.37236E-06	3.00675E-06	91.6661	-1.36061E-06	3.67818E-06	-11.2703	-1.01175E-06	-6.71436E-07
470	81.7434	-2.27397E-06	3.13466E-06	94.2207	-1.31328E-06	3.82944E-06	-12.4773	-9.60684E-07	-6.94784E-07
471	83.3879	-2.17774E-06	3.25814E-06	96.99	-1.26618E-06	3.96937E-06	-13.6022	-9.11558E-07	-7.11231E-07
472	85.3211	-2.08494E-06	3.37598E-06	99.9627	-1.21996E-06	4.09712E-06	-14.6416	-8.64989E-07	-7.21143E-07
473	87.531	-1.99677E-06	3.4869E-06	103.125	-1.17523E-06	4.21192E-06	-15.5943	-8.21539E-07	-7.25021E-07
474	90.0018	-1.91428E-06	3.58956E-06	106.462	-1.13258E-06	4.31308E-06	-16.4603	-7.81697E-07	-7.23523E-07
475	92.714	-1.83842E-06	3.68258E-06	109.956	-1.09253E-06	4.39999E-06	-17.2417	-7.4589E-07	-7.17408E-07
476	95.645	-1.76999E-06	3.76457E-06	113.587	-1.05552E-06	4.4721E-06	-17.9422	-7.14471E-07	-7.07535E-07
477	98.7691	-1.70969E-06	3.83413E-06	117.336	-1.02196E-06	4.52896E-06	-18.567	-6.8773E-07	-6.94836E-07
478	102.058	-1.65802E-06	3.88992E-06	121.181	-9.92141E-07	4.57018E-06	-19.1236	-6.6588E-07	-6.80254E-07
479	105.48	-1.6154E-06	3.9307E-06	125.1	-9.66323E-07	4.59544E-06	-19.6207	-6.49077E-07	-6.64745E-07
480	109.002	-1.58206E-06	3.9553E-06	129.071	-9.44679E-07	4.60451E-06	-20.0694	-6.37378E-07	-6.4921E-07
481	112.588	-1.5581E-06	3.96277E-06	133.071	-9.27323E-07	4.59723E-06	-20.4825	-6.30774E-07	-6.34464E-07
482	116.201	-1.54349E-06	3.95231E-06	137.076	-9.14329E-07	4.57352E-06	-20.8749	-6.29162E-07	-6.21206E-07
483	119.802	-1.53807E-06	3.92341E-06	141.065	-9.0572E-07	4.53338E-06	-21.2632	-6.3235E-07	-6.09969E-07
484	123.348	-1.54152E-06	3.87575E-06	145.014	-9.01494E-07	4.47687E-06	-21.6662	-6.40027E-07	-6.01123E-07
485	126.798	-1.55341E-06	3.80936E-06	148.902	-9.01625E-07	4.40419E-06	-22.1042	-6.51786E-07	-5.94823E-07
486	130.108	-1.57318E-06	3.72453E-06	152.708	-9.06081E-07	4.31556E-06	-22.5992	-6.67101E-07	-5.91036E-07
487	133.235	-1.60014E-06	3.62184E-06	156.409	-9.14816E-07	4.21135E-06	-23.174	-6.85325E-07	-5.89514E-07
488	136.135	-1.63348E-06	3.50215E-06	159.987	-9.27784E-07	0.000004092	-23.8521	-7.05694E-07	-5.89846E-07
489	138.765	-1.67231E-06	3.36661E-06	163.421	-9.44944E-07	3.95805E-06	-24.6566	-7.27365E-07	-5.91442E-07
490	141.084	-1.71563E-06	3.21656E-06	166.693	-9.66253E-07	3.81015E-06	-25.6097	-7.49377E-07	-5.93588E-07
491	143.054	-1.76236E-06	3.05357E-06	169.785	-9.91655E-07	3.64905E-06	-26.7316	-7.70707E-07	-5.95481E-07
492	144.641	-1.81139E-06	2.87938E-06	172.68	-1.02109E-06	3.47564E-06	-28.0395	-7.90295E-07	-5.96257E-07
493	145.814	-1.86154E-06	2.69581E-06	175.361	-1.05448E-06	3.29087E-06	-29.5466	-8.07061E-07	-5.95062E-07
494	146.552	-1.91165E-06	2.50476E-06	177.812	-1.09171E-06	3.09584E-06	-31.2605	-8.19937E-07	-5.9108E-07
495	146.837	-1.96054E-06	2.30816E-06	180.02	-1.13263E-06	2.89174E-06	-33.1829	-8.27914E-07	-5.83583E-07
496	146.66	-2.00711E-06	2.10793E-06	181.968	-1.17702E-06	2.67987E-06	-35.3081	-8.30087E-07	-5.71932E-07
497	146.023	-2.05029E-06	1.90593E-06	183.645	-1.22463E-06	2.46161E-06	-37.6227	-8.25662E-07	-5.55673E-07
498	144.933	-2.08911E-06	1.70394E-06	185.038	-1.27509E-06	2.23844E-06	-40.1049	-8.14019E-07	-5.34503E-07
499	143.41	-2.12272E-06	1.50362E-06	186.135	-1.32799E-06	2.01192E-06	-42.7249	-7.94732E-07	-5.08303E-07
500	141.481	-2.15037E-06	1.30652E-06	186.926	-1.38279E-06	1.78367E-06	-45.4445	-7.67574E-07	-4.77149E-07
501	139.182	-2.17144E-06	1.11402E-06	187.4	-1.43888E-06	1.55534E-06	-48.2185	-7.32556E-07	-4.41315E-07
502	136.555	-2.18548E-06	9.27401E-07	187.55	-1.49555E-06	1.32863E-06	-50.9955	-6.89929E-07	-4.01232E-07
503	133.649	-2.19215E-06	7.47754E-07	187.369	-1.55199E-06	1.10526E-06	-53.7195	-6.40166E-07	-3.57501E-07
504	130.519	-2.19122E-06	5.76059E-07	186.85	-1.60728E-06	8.86912E-07	-56.3314	-5.8394E-07	-3.10853E-07
505	127.22	-2.18259E-06	4.13148E-07	185.991	-1.66046E-06	6.7527E-07	-58.7714	-5.22131E-07	-2.62121E-07
506	123.809	-2.16622E-06	2.59714E-07	184.79	-1.71045E-06	4.71946E-07	-60.981	-4.55763E-07	-2.12232E-07
507	120.343	-2.14214E-06	1.16358E-07	183.248	-1.75616E-06	2.78494E-07	-62.9049	-3.85978E-07	-1.62136E-07
508	116.873	-2.11039E-06	-1.64341E-08	181.366	-1.79642E-06	9.63727E-08	-64.4936	-3.13976E-07	-1.12807E-07
509	113.447	-2.07105E-06	-1.38283E-07	179.152	-1.83006E-06	-7.30732E-08	-65.7049	-2.40993E-07	-6.52096E-08
510	110.106	-2.02415E-06	-2.48877E-07	176.612	-1.85591E-06	-2.28619E-07	-66.5058	-1.68238E-07	-2.02581E-08
511	106.884	-1.96967E-06	-3.48025E-07	173.758	-1.87283E-06	-3.69187E-07	-66.8737	-9.68384E-08	2.11617E-08
512	103.805	-1.90753E-06	-4.35578E-07	170.602	-1.87971E-06	-4.93846E-07	-66.7975	-2.78178E-08	5.82679E-08
513	100.883	-1.83757E-06	-5.11518E-07	167.161	-1.87553E-06	-6.01835E-07	-66.2778	3.7956E-08	9.03178E-08
514	98.1256	-1.75956E-06	-5.75885E-07	163.453	-1.85934E-06	-6.92556E-07	-65.3274	9.97857E-08	1.16671E-07
515	95.5279	-1.67317E-06	-6.28832E-07	159.498	-1.83034E-06	-7.65579E-07	-63.9704	1.57172E-07	1.36747E-07
516	93.0775	-1.57804E-06	-6.70578E-07	155.319	-1.78783E-06	-8.20638E-07	-62.2419	2.09795E-07	1.5006E-07
517	90.754	-1.47372E-06	-7.0146E-07	150.941	-1.73129E-06	-8.5764E-07	-60.1865	2.57566E-07	1.5618E-07
518	88.5303	-1.35976E-06	-7.21903E-07	146.387	-1.66034E-06	-8.76644E-07	-57.8571	3.00578E-07	1.54741E-07
519	86.3738	-1.23569E-06	-7.32406E-07	141.687	-1.57478E-06	-8.77861E-07	-55.3128	3.39095E-07	1.45455E-07
520	84.2484	-1.10105E-06	-7.33562E-07	136.866	-1.47461E-06	-8.61643E-07	-52.6174	3.73564E-07	1.28081E-07
521	82.1158	-9.5549E-07	-7.26013E-07	131.953	-1.36001E-06	-8.28477E-07	-49.8372	4.04516E-07	1.02464E-07
522	79.9372	-7.98688E-07	-7.10464E-07	126.976	-1.2313E-06	-7.78971E-07	-47.0388	4.32612E-07	6.85073E-08
523	77.6754	-6.30464E-07	-6.87655E-07	121.963	-1.08902E-06	-7.13852E-07	-44.2872	4.58554E-07	2.6197E-08
524	75.2961	-4.50779E-07	-6.58289E-07	116.94	-9.33841E-07	-6.33936E-07	-41.6442	4.83062E-07	-2.43533E-08
525	72.7692	-2.59751E-07	-6.23081E-07	111.935	-7.66597E-07	-5.40149E-07	-39.1658	5.06846E-07	-8.29328E-08
526	70.0708	-5.76957E-08	-5.82684E-07	106.972	-5.88248E-07	-4.3349E-07	-36.9016	5.30553E-07	-1.49194E-07
527	67.1833	1.54918E-07	-5.37664E-07	102.076	-3.99849E-07	-3.15042E-07	-34.8927	5.54767E-07	-2.22622E-07
528	64.0971	3.77381E-07	-4.88507E-07	97.2684	-2.02558E-07	-1.85954E-07	-33.1713	5.7994E-07	-3.02553E-07
529	60.8107	6.08811E-07	-4.35584E-07	92.5704	2.41054E-09	-4.74362E-08	-31.7597	6.064E-07	-3.88148E-07
530	57.3306	8.48132E-07	-3.79148E-07	88.0008	2.13804E-07	9.9249E-08	-30.6701	6.34328E-07	-4.78397E-07
531	53.6722	1.09409E-06	-3.19334E-07	83.5768	4.30341E-07	2.52794E-07	-29.9046	6.63745E-07	-5.72128E-07
532	49.8585	1.34526E-06	-2.56172E-07	79.3138	6.50745E-07	4.11856E-07	-29.4553	6.94516E-07	-6.68028E-07
533	45.9201	1.60009E-06	-1.89591E-07	75.2253	8.73748E-07	5.75067E-07	-29.3052	7.26346E-07	-7.64658E-07
534	41.8941	1.85694E-06	-1.1945E-07	71.3229	1.09812E-06	7.41045E-07	-29.4289	7.58821E-07	-8.60495E-07
535	37.8233	2.11406E-06	-4.55932E-08	67.6168	1.32267E-06	9.08399E-07	-29.7936	7.91393E-07	-9.53992E-07
536	33.755	2.36968E-06	3.21705E-08	64.1155	1.54624E-06	1.07576E-06	-30.3605	8.23442E-07	-1.04359E-06
537	29.7397	2.62201E-06	1.13956E-07	60.8258	1.76773E-06	1.24176E-06	-31.0861	8.54277E-07	-1.1278E-06
538	25.83	2.86932E-06	1.99832E-07	57.7535	1.98611E-06	1.40508E-06	-31.9235	8.83212E-07	-1.20525E-06
539	22.079	3.10994E-06	2.89737E-07	54.9029	2.20036E-06	1.56446E-06	-32.8239	9.09578E-07	-1.27472E-06
540	18.5394	3.34231E-06	3.83479E-07	52.2772	2.40953E-06	1.71868E-06	-33.7378	9.32779E-07	-1.3352E-06
541	15.2619	3.56502E-06	4.80697E-07	49.8783	2.61271E-06	1.86662E-06	-34.6164	9.52317E-07	-1.38592E-06
542	12.2943	3.77683E-06	5.80857E-07	47.7072	2.80899E-06	2.00721E-06	-35.4129	9.67835E-07	-1.42636E-06
543	9.68053	3.97669E-06	6.83246E-07	45.7639	2.99754E-06	2.13952E-06	-36.0834	9.79153E-07	-1.45627E-06
544	7.45954	4.1638E-06	7.86994E-07	44.0472	3.17751E-06	2.26269E-06	-36.5877	9.86289E-07	-1.4757E-06
545	5.66467	4.33752E-06	8.91095E-07	42.5551	3.34808E-06	2.37599E-06	-36.8904	9.89442E-07	-1.48489E-06
546	4.32297	4.49746E-06	9.9442E-07	41.2843	3.50844E-06	2.47878E-06	-36.9614	9.89016E-07	-1.48436E-06
547	3.45471	4.64344E-06	1.09576E-06	40.2308	3.65782E-06	2.57055E-06	-36.7761	9.85611E-07	-1.47479E-06
548	3.07296	4.77544E-06	1.1939E-06	39.3892	3.79547E-06	2.6509E-06	-36.3163	9.79972E-07	-0.000001457
549	3.18343	4.89363E-06	1.28762E-06	38.7534	3.92065E-06	2.71952E-06	-35.57	9.72985E-07	-1.4319E-06
550	3.78428	4.99829E-06	1.37578E-06	38.316	4.03267E-06	2.77622E-06	-34.5317	9.65618E-07	-1.40045E-06
551	4.86624	5.0898E-06	1.45731E-06	38.0685	4.13091E-06	2.82089E-06	-33.2023	9.58889E-07	-1.36358E-06
552	6.41265	5.16856E-06	1.5313E-06	38.0016	4.21477E-06	2.85351E-06	-31.5889	9.53791E-07	-1.3222E-06
553	8.39983	5.23502E-06	1.59701E-06	38.1047	4.28375E-06	2.87414E-06	-29.7048	9.51269E-07	-1.27713E-06
554	10.7974	5.28957E-06	1.65385E-06	38.3663	4.33742E-06	2.88291E-06	-27.5689	9.52152E-07	-1.22906E-06
555	13.5688	5.33259E-06	1.70143E-06	38.7741	4.37545E-06	2.88002E-06	-25.2053	9.57142E-07	-1.17859E-06
556	16.6718	5.36435E-06	1.73957E-06	39.3145	4.3976E-06	2.86572E-06	-22.6427	9.66745E-07	-1.12616E-06
557	20.0595	5.38503E-06	1.76822E-06	39.9735	4.40376E-06	2.84033E-06	-19.914	9.81274E-07	-1.07212E-06
558	23.6808	5.39472E-06	1.78751E-06	40.736	4.39389E-06	2.80421E-06	-17.0552	1.00083E-06	-1.0167E-06
559	27.4814	5.39342E-06	1.79769E-06	41.5865	4.36812E-06	2.75776E-06	-14.1051	1.0253E-06	-9.60078E-07
560	31.4045	5.38099E-06	1.7991E-06	42.5087	4.32666E-06	2.70145E-06	-11.1041	1.05433E-06	-9.02345E-07
561	35.3924	5.35727E-06	1.79217E-06	43.486	4.26986E-06	2.63576E-06	-8.09355	1.08741E-06	-8.4359E-07
562	39.3867	0.000005322	1.77736E-06	44.5015	4.19817E-06	2.56127E-06	-5.11478	1.12383E-06	-7.83906E-07
563	43.3299	5.2749E-06	1.75511E-06	45.5383	4.11216E-06	2.47853E-06	-2.20842	1.16274E-06	-7.23428E-07
564	47.1659	5.21567E-06	1.72586E-06	46.5793	4.01251E-06	2.38821E-06	0.586539	1.20316E-06	-6.62349E-07
565	50.8414	5.14404E-06	1.69003E-06	47.6079	3.89998E-06	2.29097E-06	3.23348	1.24405E-06	-6.00946E-07
566	54.3066	5.05973E-06	1.64795E-06	48.6077	3.77544E-06	2.18753E-06	5.69887	1.28429E-06	-5.39583E-07
567	57.5159	4.96258E-06	1.59992E-06	49.563	3.63984E-06	2.07864E-06	7.95291	1.32273E-06	-4.78723E-07
568	60.429	4.85246E-06	1.54615E-06	50.4589	3.4942E-06	1.96507E-06	9.97012	1.35826E-06	-4.18926E-07
569	63.0112	4.72937E-06	1.48682E-06	51.2815	3.33961E-06	1.84764E-06	11.7297	1.38976E-06	-3.60823E-07
570	65.2341	4.59341E-06	1.42204E-06	52.018	3.17722E-06	1.72716E-06	13.2161	1.41619E-06	-3.05122E-07
571	67.0761	4.44479E-06	1.35191E-06	52.6572	3.00823E-06	1.60446E-06	14.4189	1.43656E-06	-2.52554E-07
572	68.5225	4.28386E-06	1.27651E-06	53.1891	2.83389E-06	1.48038E-06	15.3335	1.44997E-06	-2.03871E-07
573	69.566	4.11113E-06	1.19591E-06	53.6055	2.65548E-06	1.35572E-06	15.9604	1.45565E-06	-1.59807E-07
574	70.2062	3.92722E-06	1.11024E-06	53.9002	2.47431E-06	1.23128E-06	16.306	1.45291E-06	-1.21041E-07
575	70.4501	3.73293E-06	1.01967E-06	54.0686	2.29172E-06	1.10784E-06	16.3815	1.44121E-06	-8.81756E-08
576	70.3115	3.5292E-06	9.24438E-07	54.1083	2.10906E-06	9.86137E-07	16.2031	1.42013E-06	-6.16991E-08
577	69.8106	3.31712E-06	8.24857E-07	54.019	1.92771E-06	8.66848E-07	15.7916	1.38941E-06	-4.19913E-08
578	68.9737	3.09791E-06	7.21358E-07	53.8024	0.000001749	7.50623E-07	15.1713	1.34891E-06	-2.92648E-08
579	67.8325	2.87298E-06	6.14467E-07	53.4626	1.57429E-06	6.38052E-07	14.37	1.29869E-06	-2.35851E-08
580	66.4233	2.64382E-06	5.04806E-07	53.0057	1.4049E-06	5.29671E-07	13.4175	1.23892E-06	-2.48644E-08
581	64.786	2.41208E-06	3.93107E-07	52.4404	1.24211E-06	4.25962E-07	12.3456	1.16997E-06	-3.28549E-08
582	62.9637	2.17953E-06	2.80187E-07	51.7772	1.08715E-06	3.2735E-07	11.1865	1.09238E-06	-4.71633E-08
583	61.0012	1.94797E-06	1.6695E-07	51.0291	9.41167E-07	2.34214E-07	9.97212	1.00681E-06	-6.7264E-08
584	58.9443	1.71935E-06	5.43573E-08	50.211	8.05228E-07	1.46879E-07	8.73329	9.14118E-07	-9.25217E-08
585	56.8389	1.49559E-06	-5.65626E-08	49.3402	6.80296E-07	6.56262E-08	7.49871	8.15293E-07	-1.22189E-07
586	54.7296	1.27868E-06	-1.64774E-07	48.4354	5.67209E-07	-9.30928E-09	6.29423	7.11468E-07	-1.55465E-07
587	52.6594	1.07055E-06	-2.69215E-07	47.5174	4.6667E-07	-7.77315E-08	5.14208	6.0388E-07	-1.91484E-07
588	50.6686	8.73131E-07	-3.6885E-07	46.6082	3.79242E-07	-1.39489E-07	4.06039	4.9389E-07	-2.29361E-07
589	48.7939	6.88218E-07	-4.62652E-07	45.7311	3.05321E-07	-1.94464E-07	3.06276	3.82897E-07	-2.68188E-07
590	47.0685	5.17531E-07	-5.49654E-07	44.9104	2.45161E-07	-2.42585E-07	2.1581	2.7237E-07	-3.07069E-07
591	45.5211	3.62623E-07	-6.28933E-07	44.1705	1.98846E-07	-2.8382E-07	1.35068	1.63777E-07	-3.45113E-07
592	44.1764	2.24895E-07	-6.99651E-07	43.536	1.66316E-07	-3.18182E-07	0.640384	5.85785E-08	-3.81469E-07
593	43.0543	1.05548E-07	-7.61056E-07	43.0311	1.47363E-07	-3.45738E-07	0.0231506	-4.18156E-08	-4.15318E-07
594	42.1707	5.55674E-09	-8.12489E-07	42.679	1.41651E-07	-3.66602E-07	-0.50834	-1.36094E-07	-4.45887E-07
595	41.5374	-7.42986E-08	-8.53411E-07	42.5013	1.48726E-07	-3.80953E-07	-0.963879	-2.23024E-07	-4.72458E-07
596	41.163	-1.3349E-07	-8.83391E-07	42.5178	1.68042E-07	-3.89028E-07	-1.35481	-3.01532E-07	-4.94363E-07
597	41.0528	-1.71733E-07	-9.02121E-07	42.7459	1.98967E-07	-3.91123E-07	-1.69305	-3.707E-07	-5.10998E-07
598	41.2099	-1.88957E-07	-9.09442E-07	43.2	2.40817E-07	-3.87609E-07	-1.99013	-4.29773E-07	-5.21833E-07
599	41.6355	-1.8533E-07	-9.05325E-07	43.8918	2.92862E-07	-3.78911E-07	-2.25626	-4.78192E-07	-5.26414E-07
600	42.3296	-1.61246E-07	-8.89882E-07	44.8291	3.54345E-07	-3.65517E-07	-2.49951	-5.15591E-07	-5.24365E-07
601	43.2914	-1.17293E-07	-8.63399E-07	46.0166	4.24505E-07	-3.47972E-07	-2.72525	-5.41798E-07	-5.15427E-07
602	44.5197	-5.42701E-08	-8.26319E-07	47.4553	5.02574E-07	-3.26868E-07	-2.9356	-5.56844E-07	-4.9945E-07
603	46.0134	2.6848E-08	-7.79223E-07	49.1427	5.87796E-07	-3.02828E-07	-3.12931	-5.60948E-07	-4.76394E-07
604	47.7711	1.24917E-07	-7.22888E-07	51.0728	6.79433E-07	-2.76505E-07	-3.30175	-5.54516E-07	-4.46383E-07
605	49.7916	2.38635E-07	-6.58249E-07	53.2368	7.76759E-07	-2.48568E-07	-3.44519	-5.38124E-07	-4.09681E-07
606	52.0735	3.6655E-07	-5.86398E-07	55.6228	8.79067E-07	-2.19675E-07	-3.54929	-5.12517E-07	-3.66723E-07
607	54.6148	5.07084E-07	-5.08576E-07	58.2165	9.85664E-07	-1.90473E-07	-3.60175	-4.78581E-07	-3.18102E-07
608	57.4123	6.58542E-07	-4.26179E-07	61.0015	1.09587E-06	-1.61586E-07	-3.58914	-4.37328E-07	-2.64592E-07
609	60.4617	8.19095E-07	-3.40727E-07	63.9595	0.000001209	-1.33592E-07	-3.49779	-3.89904E-07	-2.07135E-07
610	63.7562	9.86856E-07	-2.53833E-07	67.071	1.32438E-06	-1.07017E-07	-3.31474	-3.37524E-07	-1.46817E-07
611	67.2868	1.15983E-06	-1.67206E-07	70.3155	1.44133E-06	-8.23351E-08	-3.02868	-2.81493E-07	-8.48712E-08
612	71.0409	1.33596E-06	-8.25548E-08	73.6716	1.55913E-06	-5.99411E-08	-2.63073	-2.23175E-07	-2.26136E-08
613	75.0026	1.51313E-06	-1.61642E-09	77.1178	1.67709E-06	-4.01722E-08	-2.11522	-1.63958E-07	3.85557E-08
614	79.152	1.68923E-06	7.39329E-08	80.6322	1.79446E-06	-2.3283E-08	-1.48022	-1.05234E-07	9.72159E-08
615	83.4652	1.8621E-06	1.42496E-07	84.1931	1.9105E-06	-9.4642E-09	-0.727932	-4.8396E-08	1.5196E-07
616	87.9142	2.02965E-06	2.02617E-07	87.779	2.02443E-06	1.16166E-09	0.135186	5.22092E-09	2.01455E-07
617	92.4672	2.18982E-06	2.53019E-07	91.3688	2.13548E-06	8.53926E-09	1.09845	5.43437E-08	2.44479E-07
618	97.0891	2.34064E-06	2.92647E-07	94.9419	2.24286E-06	1.26711E-08	2.1472	9.77864E-08	2.79976E-07
619	101.742	2.48027E-06	3.20693E-07	98.4787	2.34578E-06	1.36032E-08	3.2633	1.34487E-07	3.0709E-07
620	106.386	0.000002607	3.36608E-07	101.96	2.44349E-06	1.14219E-08	4.4257	1.6351E-07	3.25187E-07
621	110.979	2.71933E-06	3.40176E-07	105.367	2.53525E-06	6.25692E-09	5.61117	1.84083E-07	3.3392E-07
622	115.479	2.81596E-06	3.31442E-07	108.684	2.62036E-06	-1.74978E-09	6.79517	1.95604E-07	3.33192E-07
623	119.847	2.89586E-06	3.10789E-07	111.894	2.69819E-06	-1.24257E-08	7.95264	1.97665E-07	3.23215E-07
624	124.041	2.95824E-06	2.78833E-07	114.982	2.76818E-06	-2.55986E-08	9.05892	1.90051E-07	3.04431E-07
625	128.025	3.00262E-06	2.36467E-07	117.935	2.82986E-06	-4.1095E-08	10.0905	1.72762E-07	2.77562E-07
626	131.765	3.02885E-06	1.84805E-07	120.739	2.88284E-06	-5.87334E-08	11.0258	1.46006E-07	2.43538E-07
627	135.231	3.03706E-06	1.2513E-07	123.385	2.92685E-06	-7.83535E-08	11.8456	1.1021E-07	2.03484E-07
628	138.397	3.02774E-06	5.88528E-08	125.863	2.96173E-06	-9.97994E-08	12.534	6.60073E-08	1.58652E-07
629	141.242	3.00167E-06	-1.25484E-08	128.164	2.98743E-06	-1.22937E-07	13.0783	1.42394E-08	1.10389E-07
630	143.752	2.95996E-06	-8.75594E-08	130.282	3.00402E-06	-1.47649E-07	13.4692	-4.40537E-08	6.00895E-08
631	145.914	2.90399E-06	-1.6472E-07	132.212	3.01166E-06	-1.73844E-07	13.7015	-1.0767E-07	9.1237E-09
632	147.723	2.83541E-06	-2.42651E-07	133.95	3.01066E-06	-2.01454E-07	13.7733	-1.75252E-07	-4.11971E-08
633	149.18	2.75608E-06	-3.20104E-07	135.494	3.00139E-06	-2.30437E-07	13.6864	-2.4531E-07	-8.96668E-08
634	150.288	2.66806E-06	-3.96004E-07	136.842	2.98434E-06	-2.60778E-07	13.446	-3.16277E-07	-1.35226E-07
635	151.056	2.57352E-06	-4.69486E-07	137.996	2.96006E-06	-2.92481E-07	13.0602	-3.86535E-07	-1.77004E-07
636	151.497	2.47472E-06	-5.39933E-07	138.957	2.9292E-06	-3.25587E-07	12.54	-4.54471E-07	-2.14346E-07
637	151.627	2.37396E-06	-6.06937E-07	139.728	2.89245E-06	-3.60146E-07	11.8988	-5.18494E-07	-2.46791E-07
638	151.466	2.27349E-06	-6.70374E-07	140.314	2.8506E-06	-3.96232E-07	11.152	-5.7711E-07	-2.74141E-07
639	151.037	2.1755E-06	-7.30348E-07	140.721	2.80444E-06	-4.3394E-07	10.3165	-6.28949E-07	-2.96408E-07
640	150.365	2.08205E-06	-7.87177E-07	140.954	2.75484E-06	-4.73372E-07	9.41057	-6.72793E-07	-3.13805E-07
641	149.476	1.99507E-06	-8.41386E-07	141.023	2.70268E-06	-5.14642E-07	8.45325	-7.07617E-07	-3.26744E-07
642	148.4	1.91626E-06	-8.93663E-07	140.937	2.64887E-06	-5.57875E-07	7.46376	-7.32609E-07	-3.35788E-07
643	147.166	1.84716E-06	-9.44788E-07	140.705	2.5943E-06	-6.03193E-07	6.46114	-7.47149E-07	-3.41595E-07
644	145.804	1.78907E-06	-9.95639E-07	140.34	2.53991E-06	-6.50732E-07	5.46371	-7.5084E-07	-3.44907E-07
645	144.342	1.7431E-06	-1.04708E-06	139.854	2.48657E-06	-7.0062E-07	4.48856	-7.43469E-07	-3.4646E-07
646	142.811	1.71017E-06	-1.09995E-06	139.26	2.43516E-06	-7.52982E-07	3.55097	-7.24987E-07	-3.4697E-07
647	141.236	1.69099E-06	-1.15502E-06	138.572	2.38649E-06	-8.07951E-07	2.66397	-6.95494E-07	-3.4707E-07
648	139.645	1.68612E-06	-1.21292E-06	137.807	2.34131E-06	-8.65644E-07	1.83783	-6.55188E-07	-3.4728E-07
649	138.058	1.69598E-06	-1.27417E-06	136.978	2.30032E-06	-9.26187E-07	1.07966	-6.04338E-07	-3.4798E-07
650	136.497	1.72086E-06	-1.33905E-06	136.104	2.26411E-06	-9.89678E-07	0.393065	-5.43248E-07	-3.49374E-07
651	134.978	1.76095E-06	-1.40773E-06	135.2	2.2332E-06	-1.05623E-06	-0.222095	-4.7225E-07	-3.51503E-07
652	133.515	1.81631E-06	-1.48013E-06	134.285	0.000002208	-1.12591E-06	-0.769806	-3.91683E-07	-3.54222E-07
653	132.116	1.88693E-06	-1.55606E-06	133.374	2.18881E-06	-1.19879E-06	-1.25787	-3.01879E-07	-3.57266E-07
654	130.787	1.97265E-06	-1.63513E-06	132.485	2.17584E-06	-1.27491E-06	-1.69774	-2.03196E-07	-3.60219E-07
655	129.531	2.07318E-06	-1.71688E-06	131.635	2.1692E-06	-1.35429E-06	-2.10416	-9.60197E-08	-3.62597E-07
656	128.346	2.18809E-06	-1.80073E-06	130.84	2.1689E-06	-1.43687E-06	-2.49467	1.91883E-08	-3.63853E-07
657	127.228	2.31673E-06	-1.88606E-06	130.117	2.17486E-06	-1.5226E-06	-2.88896	1.41862E-07	-3.63455E-07
658	126.171	2.45822E-06	-1.97225E-06	129.479	2.18694E-06	-1.61133E-06	-3.30811	2.71285E-07	-3.60919E-07
659	125.167	2.61145E-06	-2.05868E-06	128.941	2.2049E-06	-1.70286E-06	-3.77369	4.06548E-07	-3.55823E-07
660	124.206	2.77497E-06	-2.14483E-06	128.513	2.22847E-06	-1.79693E-06	-4.30684	5.46502E-07	-3.47898E-07
661	123.279	2.94709E-06	-2.23018E-06	128.207	2.25732E-06	-1.89319E-06	-4.92729	6.89772E-07	-3.36994E-07
662	122.377	3.1258E-06	-2.31435E-06	128.029	2.29109E-06	-1.99122E-06	-5.65244	8.34708E-07	-3.23129E-07
663	121.49	3.30878E-06	-2.39701E-06	127.986	2.32937E-06	-2.09052E-06	-6.49649	9.79406E-07	-3.06488E-07
664	120.611	3.49347E-06	-2.47791E-06	128.081	2.37172E-06	-2.19052E-06	-7.46968	1.12175E-06	-2.87387E-07
665	119.736	3.6771E-06	-2.55685E-06	128.314	2.41767E-06	-2.29057E-06	-8.57772	1.25943E-06	-2.66276E-07
666	118.862	3.85673E-06	-2.63368E-06	128.684	2.46672E-06	-2.38997E-06	-9.82133	1.39001E-06	-2.43712E-07
667	117.988	4.02937E-06	-2.7083E-06	129.185	2.51835E-06	-2.48797E-06	-11.1961	1.51102E-06	-2.20324E-07
668	117.118	4.19201E-06	-2.78054E-06	129.81	0.000002572	-2.58378E-06	-12.6924	1.62001E-06	-1.96762E-07
669	116.254	4.34174E-06	-2.85029E-06	130.55	2.62709E-06	-2.67659E-06	-14.2958	1.71465E-06	-1.737E-07
670	115.406	4.47582E-06	-2.91733E-06	131.393	2.68303E-06	-2.76556E-06	-15.9872	1.7928E-06	-1.51771E-07
671	114.581	4.59177E-06	-2.98144E-06	132.325	2.73919E-06	-2.84987E-06	-17.7437	1.85257E-06	-1.31564E-07
672	113.792	4.6874E-06	-3.0423E-06	133.331	2.79497E-06	-2.92871E-06	-19.5392	1.89243E-06	-1.13592E-07
673	113.049	4.76094E-06	-3.09961E-06	134.395	2.84972E-06	-3.0013E-06	-21.3455	1.91122E-06	-9.83155E-08
674	112.366	4.81105E-06	-3.15296E-06	135.499	2.90285E-06	-3.06687E-06	-23.1328	1.90819E-06	-8.60934E-08
675	111.754	4.8368E-06	-3.20194E-06	136.625	2.95376E-06	-3.12473E-06	-24.8714	1.88303E-06	-7.72163E-08
676	111.225	4.83776E-06	-3.24608E-06	137.757	3.00188E-06	-3.1742E-06	-26.5321	1.83588E-06	-7.18781E-08
677	110.788	4.81398E-06	-3.28491E-06	138.876	3.04669E-06	-3.2147E-06	-28.0875	1.76729E-06	-7.02183E-08
678	110.453	4.76594E-06	-3.31798E-06	139.966	3.0877E-06	-3.24568E-06	-29.5127	1.67824E-06	-7.23012E-08
679	110.224	4.69455E-06	-3.34483E-06	141.01	3.12449E-06	-3.2667E-06	-30.7863	1.57006E-06	-7.81283E-08
680	110.102	4.60108E-06	-3.36499E-06	141.993	3.15667E-06	-3.27736E-06	-31.891	1.44441E-06	-8.76272E-08
681	110.088	4.48716E-06	-3.37808E-06	142.902	3.18392E-06	-3.27738E-06	-32.8139	1.30324E-06	-1.00705E-07
682	110.175	4.3547E-06	-3.38371E-06	143.722	3.20598E-06	-3.26653E-06	-33.5469	1.14872E-06	-1.17174E-07
683	110.356	4.20584E-06	-3.3815E-06	144.443	3.22263E-06	-3.24471E-06	-34.0871	9.83211E-07	-1.36796E-07
684	110.617	4.04287E-06	-3.37119E-06	145.053	3.23371E-06	-3.21189E-06	-34.436	8.09158E-07	-1.59298E-07
685	110.942	3.8682E-06	-3.35248E-06	145.542	3.2391E-06	-3.16815E-06	-34.5999	6.29098E-07	-1.84328E-07
686	111.312	3.6843E-06	-3.32516E-06	145.902	3.23873E-06	-3.11366E-06	-34.5894	4.45568E-07	-2.11499E-07
687	111.705	3.49362E-06	-3.28906E-06	146.123	3.23255E-06	-3.0487E-06	-34.4183	2.61065E-07	-2.40362E-07
688	112.094	3.29858E-06	-3.24405E-06	146.198	3.22056E-06	-2.97362E-06	-34.1036	7.80116E-08	-2.70429E-07
689	112.455	3.10149E-06	-3.19007E-06	146.119	3.20278E-06	-2.88889E-06	-33.6642	-1.01291E-07	-3.01174E-07
690	112.758	2.90456E-06	-3.1271E-06	145.879	3.17926E-06	-2.79506E-06	-33.1205	-2.74703E-07	-3.32045E-07
691	112.977	2.70976E-06	-3.05523E-06	145.47	3.15006E-06	-2.69275E-06	-32.4934	-4.40295E-07	-3.62484E-07
692	113.081	2.51893E-06	-2.97458E-06	144.885	3.11527E-06	-2.58266E-06	-31.8035	-5.9634E-07	-3.91921E-07
693	113.046	2.33361E-06	-2.88539E-06	144.117	3.07499E-06	-2.46559E-06	-31.0708	-7.41383E-07	-4.198E-07
694	112.845	2.15514E-06	-2.78795E-06	143.159	3.02936E-06	-2.34236E-06	-30.3136	-8.74219E-07	-4.4559E-07
695	112.455	1.98458E-06	-2.68265E-06	142.004	2.97852E-06	-2.21387E-06	-29.5485	-9.93941E-07	-4.68782E-07
696	111.857	1.82271E-06	-0.00000257	140.646	2.92264E-06	-2.08108E-06	-28.7895	-1.09992E-06	-4.88913E-07
697	111.031	1.67008E-06	-2.45057E-06	139.08	2.8619E-06	-0.000001945	-28.0485	-1.19182E-06	-5.05574E-07
698	109.966	1.52691E-06	-2.32504E-06	137.301	2.7965E-06	-1.80665E-06	-27.3348	-1.26959E-06	-5.1839E-07
699	108.651	1.39323E-06	-2.19415E-06	135.306	2.72665E-06	-1.66711E-06	-26.655	-1.33342E-06	-5.27039E-07
700	107.08	1.26881E-06	-2.05873E-06	133.093	2.65258E-06	-1.52748E-06	-26.0136	-1.38377E-06	-5.31254E-07
701	105.25	1.15321E-06	-1.91971E-06	130.663	2.5745E-06	-1.38889E-06	-25.4128	-1.4213E-06	-5.30821E-07
702	103.164	1.04581E-06	-1.77803E-06	128.017	2.49264E-06	-1.25246E-06	-24.853	-1.44683E-06	-5.25574E-07
703	100.826	9.45871E-07	-1.63472E-06	125.159	2.40721E-06	-1.11933E-06	-24.3329	-1.46134E-06	-5.15392E-07
704	98.2453	8.52511E-07	-1.49083E-06	122.095	2.31839E-06	-9.90617E-07	-23.8499	-1.46588E-06	-5.00209E-07
705	95.4338	7.64783E-07	-1.34742E-06	118.834	2.22636E-06	-8.6742E-07	-23.4001	-1.46158E-06	-4.79999E-07
706	92.4065	6.81683E-07	-1.20558E-06	115.385	2.13127E-06	-7.50791E-07	-22.9788	-1.44958E-06	-4.54792E-07
707	89.181	6.02196E-07	-1.06639E-06	111.761	2.03323E-06	-6.41734E-07	-22.5801	-1.43104E-06	-4.24661E-07
708	85.7774	5.25319E-07	-9.30917E-07	107.975	1.93235E-06	-5.4118E-07	-22.1975	-1.40704E-06	-3.89737E-07
709	82.2182	4.50063E-07	-8.00173E-07	104.042	1.8287E-06	-4.49976E-07	-21.8237	-1.37864E-06	-3.50197E-07
710	78.5274	3.75498E-07	-6.75129E-07	99.9779	1.72232E-06	-3.68869E-07	-21.4504	-1.34682E-06	-3.0626E-07
711	74.731	3.00745E-07	-5.56725E-07	95.7999	1.61326E-06	-2.98513E-07	-21.0689	-1.31252E-06	-2.58212E-07
712	70.8562	2.2498E-07	-4.45771E-07	91.5254	1.50154E-06	-2.39423E-07	-20.6692	-1.27656E-06	-2.06349E-07
713	66.931	1.47459E-07	-3.43034E-07	87.172	1.3872E-06	-1.92009E-07	-20.241	-1.23974E-06	-1.51025E-07
714	62.9844	6.74977E-08	-2.49178E-07	82.7576	1.27027E-06	-1.56551E-07	-19.7732	-1.20278E-06	-9.26279E-08
715	59.0456	-1.55106E-08	-1.64763E-07	78.2998	1.15081E-06	-1.33204E-07	-19.2542	-1.16632E-06	-3.15587E-08
716	55.1436	-1.02117E-07	-9.02698E-08	73.816	1.02888E-06	-1.22007E-07	-18.6725	-0.000001131	3.17369E-08
717	51.3069	-1.92764E-07	-2.60625E-08	69.3235	9.04584E-07	-1.2288E-07	-18.0166	-1.09735E-06	9.68171E-08
718	47.5632	-2.87852E-07	2.75553E-08	64.8389	7.78033E-07	-1.35639E-07	-17.2756	-1.06589E-06	1.63195E-07
719	43.9385	-3.87664E-07	7.0372E-08	60.3785	6.49381E-07	-1.60006E-07	-16.44	-1.03705E-06	2.30378E-07
720	40.4566	-4.92387E-07	1.02227E-07	55.9582	5.18803E-07	-1.95616E-07	-15.5016	-1.01119E-06	2.97843E-07
721	37.1391	-6.02094E-07	1.23006E-07	51.5935	3.86499E-07	-2.4203E-07	-14.4544	-9.88593E-07	3.65036E-07
722	34.0044	-7.16719E-07	1.32617E-07	47.2995	2.52699E-07	-2.98754E-07	-13.2951	-9.69418E-07	4.31371E-07
723	31.0675	-8.36071E-07	1.31002E-07	43.091	1.1765E-07	-3.65237E-07	-12.0234	-9.53721E-07	4.96239E-07
724	28.3397	-9.59778E-07	1.18089E-07	38.9822	-1.83776E-08	-4.4089E-07	-10.6425	-9.41401E-07	5.58979E-07
725	25.8282	-1.08729E-06	9.38217E-08	34.9872	-1.5509E-07	-5.25093E-07	-9.15899	-9.32197E-07	6.18914E-07
726	23.5358	-1.21791E-06	5.81352E-08	31.1193	-2.92182E-07	-6.17202E-07	-7.58348	-9.25729E-07	6.75337E-07
727	21.4615	-1.35074E-06	1.09849E-08	27.3916	-4.29322E-07	-7.16548E-07	-5.93016	-9.2142E-07	7.27533E-07
728	19.5996	-1.48473E-06	-4.768E-08	23.8163	-5.6616E-07	-8.22459E-07	-4.21674	-9.18568E-07	7.74779E-07
729	17.9408	-1.61865E-06	-1.17853E-07	20.4049	-7.02323E-07	-9.34239E-07	-2.46408	-9.16325E-07	8.16386E-07
730	16.472	-1.75114E-06	-1.99459E-07	17.1677	-8.37408E-07	-1.05118E-06	-0.695735	-9.13729E-07	8.51719E-07
731	15.1769	-1.88074E-06	-2.9234E-07	14.1142	-9.70987E-07	-1.17255E-06	1.06273	-9.09751E-07	8.80214E-07
732	14.0366	-2.00589E-06	-3.96218E-07	11.2522	-1.10259E-06	-1.29763E-06	2.78439	-9.033E-07	9.01409E-07
733	13.03	-2.12503E-06	-5.10672E-07	8.58824	-1.23174E-06	-1.42564E-06	4.44181	-8.93294E-07	9.14964E-07
734	12.1348	-2.23653E-06	-6.35099E-07	6.12695	-1.35787E-06	-1.55579E-06	6.00783	-8.7865E-07	9.20692E-07
735	11.3276	-2.33882E-06	-7.68715E-07	3.8712	-1.48044E-06	-1.68727E-06	7.45644	-8.58377E-07	9.18557E-07
736	10.5854	-2.43038E-06	-9.10521E-07	1.8218	-1.59882E-06	-1.81923E-06	8.76358	-8.31558E-07	9.08708E-07
737	9.88539	-2.50981E-06	-1.05933E-06	-0.022478	-1.71238E-06	-1.95077E-06	9.90787	-7.97427E-07	8.91442E-07
738	9.20626	-2.57581E-06	-1.21374E-06	-1.66502	-1.82047E-06	-2.08097E-06	10.8713	-7.55345E-07	8.67232E-07
739	8.52833	-2.62722E-06	-1.37217E-06	-3.11132	-1.92238E-06	-2.20886E-06	11.6397	-7.04838E-07	8.36692E-07
740	7.83415	-2.66304E-06	-1.53287E-06	-4.36896	-2.01743E-06	-2.33343E-06	12.2031	-6.45606E-07	8.00559E-07
741	7.10878	-2.68245E-06	-1.69397E-06	-5.44746	-2.10493E-06	-2.45364E-06	12.5562	-5.77524E-07	7.59669E-07
742	6.34007	-2.68482E-06	-1.85348E-06	-6.35815	-2.18419E-06	-2.56841E-06	12.6982	-5.00632E-07	7.14936E-07
743	5.51872	-2.66967E-06	-2.00936E-06	-7.11396	-2.25455E-06	-2.67667E-06	12.6327	-4.15118E-07	6.67306E-07
744	4.6383	-2.63672E-06	-2.15956E-06	-7.72918	-2.3154E-06	-2.7773E-06	12.3675	-3.21327E-07	6.17746E-07
745	3.69515	-2.58587E-06	-2.30203E-06	-8.21918	-2.36614E-06	-2.86924E-06	11.9143	-2.19729E-07	5.67205E-07
746	2.68818	-2.51719E-06	-2.43481E-06	-8.6001	-2.40627E-06	-2.95141E-06	11.2883	-1.10917E-07	5.16595E-07
747	1.6186	-2.43088E-06	-2.55603E-06	-8.88859	-2.43531E-06	-3.02281E-06	10.5072	4.43674E-09	4.66778E-07
748	0.489608	-2.32736E-06	-2.66395E-06	-9.10143	-2.45289E-06	-3.0825E-06	9.59104	1.25537E-07	4.18547E-07
749	-0.693946	-2.20716E-06	-2.75699E-06	-9.25531	-2.45869E-06	-3.12961E-06	8.56136	2.51526E-07	3.72622E-07
750	-1.92593	-2.07101E-06	-2.83378E-06	-9.36646	-2.45248E-06	-3.16341E-06	7.44053	3.81465E-07	3.29636E-07
751	-3.19923	-1.91974E-06	-2.89313E-06	-9.45047	-2.4341E-06	-3.18328E-06	6.25125	5.14355E-07	2.90146E-07
752	-4.50606	-1.75436E-06	-2.93415E-06	-9.52203	-2.40347E-06	-3.18875E-06	5.01596	6.49113E-07	2.54599E-07
753	-5.83824	-1.57598E-06	-2.95617E-06	-9.59473	-2.36059E-06	-3.17952E-06	3.75649	7.84609E-07	2.23349E-07
754	-7.18728	-1.38589E-06	-2.95879E-06	-9.68092	-2.30553E-06	-3.15545E-06	2.49365	9.19642E-07	1.96663E-07
755	-8.54458	-1.18547E-06	-2.94193E-06	-9.79163	-2.23842E-06	-3.1166E-06	1.24705	1.05295E-06	1.74675E-07
756	-9.90145	-9.76212E-07	-2.90578E-06	-9.93647	-2.15946E-06	-3.06319E-06	0.0350188	1.18325E-06	1.57405E-07
757	-11.249	-7.59729E-07	-2.85088E-06	-10.1236	-2.06889E-06	-2.99562E-06	-1.12547	1.30916E-06	1.44747E-07
758	-12.5783	-5.37693E-07	-2.77805E-06	-10.3597	-1.96704E-06	-2.91449E-06	-2.21868	1.42934E-06	1.36438E-07
759	-13.88	-3.11844E-07	-2.6885E-06	-10.65	-1.85426E-06	-2.82055E-06	-3.22999	1.54241E-06	1.32042E-07
760	-15.1443	-8.39665E-08	-2.58371E-06	-10.9986	-1.73098E-06	-2.71468E-06	-4.14574	1.64701E-06	1.30972E-07
761	-16.361	1.4414E-07	-2.46546E-06	-11.408	-1.59766E-06	-2.59792E-06	-4.95304	1.7418E-06	1.32456E-07
762	-17.5193	3.70686E-07	-2.33586E-06	-11.8796	-1.45483E-06	-2.47141E-06	-5.63965	1.82551E-06	1.35547E-07
763	-18.6076	5.93914E-07	-2.19727E-06	-12.4137	-1.30305E-06	-2.3364E-06	-6.19388	1.89696E-06	1.39121E-07
764	-19.6139	8.12099E-07	-2.05226E-06	-13.0093	-1.14295E-06	-2.19418E-06	-6.6046	1.95505E-06	1.41921E-07
765	-20.5259	1.02362E-06	-1.90358E-06	-13.6646	-9.7518E-07	-2.04613E-06	-6.86133	1.9988E-06	1.42548E-07
766	-21.3309	1.22693E-06	-1.7541E-06	-14.3765	-8.00453E-07	-1.89363E-06	-6.95444	2.02738E-06	1.39527E-07
767	-22.0165	1.42061E-06	-1.60674E-06	-15.141	-6.19504E-07	-1.73809E-06	-6.87549	2.04011E-06	1.31342E-07
768	-22.5707	1.60335E-06	-1.4644E-06	-15.9532	-4.33105E-07	-1.58089E-06	-6.61758	2.03645E-06	1.16486E-07
769	-22.9827	0.000001774	-1.32988E-06	-16.8068	-2.42064E-07	-1.42341E-06	-6.17586	2.01606E-06	9.3531E-08
770	-23.2429	1.93156E-06	-1.20581E-06	-17.6949	-4.71986E-08	-1.26698E-06	-5.54801	1.97876E-06	6.11774E-08
771	-23.3438	2.0752E-06	-1.09457E-06	-18.6091	1.50644E-07	-1.11289E-06	-4.73474	1.92455E-06	1.83163E-08
772	-23.2802	2.20426E-06	-9.98248E-07	-19.54	3.50607E-07	-9.62348E-07	-3.74025	1.85365E-06	-3.58996E-08
773	-23.0497	2.3183E-06	-9.18548E-07	-20.4772	5.51815E-07	-8.1652E-07	-2.57254	1.76649E-06	-1.02029E-07
774	-22.6529	2.41705E-06	-8.56762E-07	-21.4091	7.53383E-07	-6.76483E-07	-1.24374	1.66367E-06	-1.80279E-07
775	-22.0935	2.50047E-06	-8.13741E-07	-22.3234	9.54414E-07	-5.43247E-07	0.229893	1.54606E-06	-2.70494E-07
776	-21.3784	2.56874E-06	-7.89876E-07	-23.2064	1.15399E-06	-4.17734E-07	1.82799	1.41475E-06	-3.72142E-07
777	-20.5176	2.62225E-06	-7.85088E-07	-24.044	1.35119E-06	-3.00787E-07	3.52633	1.27105E-06	-4.84301E-07
778	-19.524	2.66162E-06	-7.98862E-07	-24.8213	1.54508E-06	-1.93158E-07	5.29725	1.11654E-06	-6.05704E-07
779	-18.4127	2.68771E-06	-8.30275E-07	-25.523	1.7347E-06	-9.5522E-08	7.11024	9.53012E-07	-7.34753E-07
780	-17.2008	2.70153E-06	-8.78058E-07	-26.1334	1.91908E-06	-8.45876E-09	8.93257	7.82459E-07	-8.69599E-07
781	-15.9066	2.70435E-06	-9.40597E-07	-26.6368	2.09723E-06	6.75431E-08	10.7302	6.07118E-07	-1.00814E-06
782	-14.5491	2.69755E-06	-1.01603E-06	-27.0175	2.26818E-06	1.32094E-07	12.4684	4.29364E-07	-1.14812E-06
783	-13.1471	2.68266E-06	-1.10239E-06	-27.2602	2.43093E-06	1.84876E-07	14.1131	2.51727E-07	-1.28727E-06
784	-11.7185	2.66131E-06	-1.19754E-06	-27.3497	2.5845E-06	2.25693E-07	15.6313	7.68154E-08	-1.42323E-06
785	-10.2797	2.63517E-06	-1.29932E-06	-27.2719	2.72789E-06	2.54436E-07	16.9923	-9.2725E-08	-1.55376E-06
786	-8.84485	2.6059E-06	-1.40562E-06	-27.0132	2.86016E-06	2.71095E-07	18.1683	-2.54258E-07	-1.67672E-06
787	-7.42525	2.57513E-06	-1.51442E-06	-26.5608	2.98038E-06	2.7576E-07	19.1356	-4.05246E-07	-1.79018E-06
788	-6.02877	2.54438E-06	-1.62379E-06	-25.9034	3.08766E-06	2.68622E-07	19.8746	-5.43284E-07	-1.89241E-06
789	-4.6595	2.51498E-06	-1.73203E-06	-25.0306	3.18118E-06	2.49958E-07	20.3711	-6.66203E-07	-1.98199E-06
790	-3.31745	2.48809E-06	-1.8376E-06	-23.9337	3.26018E-06	2.20152E-07	20.6162	-7.72093E-07	-2.05775E-06
791	-1.99838	2.46457E-06	-1.9392E-06	-22.6053	3.32397E-06	1.79655E-07	20.6069	-8.59398E-07	-2.11886E-06
792	-0.693799	2.44505E-06	-2.03577E-06	-21.0399	3.37198E-06	1.29006E-07	20.3461	-9.26923E-07	-2.16478E-06
793	0.608903	2.4298E-06	-2.12644E-06	-19.2339	3.40372E-06	6.88225E-08	19.8428	-9.73925E-07	-2.19527E-06
794	1.92615	2.41875E-06	-2.2106E-06	-17.1854	3.41885E-06	-2.30641E-10	19.1116	-1.0001E-06	-2.21037E-06
795	3.27774	2.41148E-06	-2.28781E-06	-14.895	3.41713E-06	-7.74193E-08	18.1727	-1.00564E-06	-2.21039E-06
796	4.68627	2.40726E-06	-2.35786E-06	-12.3649	3.39847E-06	-1.61979E-07	17.0512	-9.91212E-07	-2.19588E-06
797	6.17643	2.40503E-06	-2.42067E-06	-9.59992	3.36295E-06	-2.53098E-07	15.7763	-9.57924E-07	-2.16757E-06
798	7.77415	2.40341E-06	-2.47634E-06	-6.60674	3.31077E-06	-3.49943E-07	14.3809	-9.07358E-07	-2.1264E-06
799	9.50575	2.40082E-06	-2.52508E-06	-3.39425	3.24229E-06	-4.5166E-07	12.9	-8.41473E-07	-2.07342E-06
800	11.3969	2.39545E-06	-2.56719E-06	0.0267006	3.15804E-06	-5.57376E-07	11.3702	-7.62592E-07	-2.00981E-06
801	13.4719	2.38538E-06	-2.60305E-06	3.64338	3.05868E-06	-6.66209E-07	9.82849	-6.73307E-07	-1.93684E-06
802	15.7521	2.3686E-06	-2.63309E-06	7.44135	2.94502E-06	-7.77269E-07	8.31076	-5.76422E-07	-1.85582E-06
803	18.2558	2.34315E-06	-2.65777E-06	11.4047	2.81801E-06	-8.89666E-07	6.85114	-4.74861E-07	-1.7681E-06
804	20.9969	2.30712E-06	-2.67753E-06	15.5162	2.67872E-06	-1.0025E-06	5.48069	-3.71598E-07	-1.67503E-06
805	23.984	2.25878E-06	-2.69282E-06	19.7575	2.52832E-06	-1.11487E-06	4.22652	-2.69541E-07	-1.57796E-06
806	27.2205	2.19658E-06	-2.70404E-06	24.1095	2.36808E-06	-1.22587E-06	3.111	-1.71502E-07	-1.47817E-06
807	30.7035	2.1193E-06	-2.71153E-06	28.5523	2.19938E-06	-1.3346E-06	2.15114	-8.00759E-08	-1.37693E-06
808	34.424	2.02602E-06	-2.71556E-06	33.0659	2.02361E-06	-1.44015E-06	1.35811	2.41428E-09	-1.27541E-06
809	38.3666	1.9162E-06	-2.71631E-06	37.6295	1.84224E-06	-1.54162E-06	0.737118	7.3963E-08	-1.17469E-06
810	42.5101	1.78968E-06	-2.71387E-06	42.2227	1.65676E-06	-1.63811E-06	0.287359	1.32927E-07	-1.07576E-06
811	46.8272	1.64673E-06	-2.70823E-06	46.8249	1.46866E-06	-1.72873E-06	0.00228126	1.78066E-07	-9.79495E-07
812	51.2856	1.48799E-06	-2.69924E-06	51.4156	1.27945E-06	-1.81261E-06	-0.129986	2.08539E-07	-8.86635E-07
813	55.8484	1.31452E-06	-2.68669E-06	55.9744	1.0906E-06	-1.8889E-06	-0.126012	2.23922E-07	-7.97793E-07
814	60.4752	1.12772E-06	-2.67026E-06	60.4815	9.03539E-07	-1.9568E-06	-0.00629965	2.24179E-07	-7.13463E-07
815	65.1228	9.29324E-07	-2.6495E-06	64.9172	7.19681E-07	-2.01553E-06	0.205583	2.09642E-07	-6.33971E-07
816	69.746	7.21334E-07	-2.62395E-06	69.262	5.40365E-07	-2.06441E-06	0.483934	1.8097E-07	-5.59536E-07
817	74.2991	5.05982E-07	-2.59305E-06	73.4972	3.66873E-07	-2.10282E-06	0.801867	1.39109E-07	-4.90238E-07
818	78.7366	2.85658E-07	-2.55624E-06	77.6044	2.00421E-07	-2.1302E-06	1.13223	8.52366E-08	-4.26035E-07
819	83.0142	6.28455E-08	-2.5129E-06	81.5657	4.21456E-08	-2.14614E-06	1.44846	2.06999E-08	-3.6677E-07
820	87.0894	-1.59912E-07	-2.46251E-06	85.3641	-1.06893E-07	-2.1503E-06	1.72532	-5.30185E-08	-3.12213E-07
821	90.9229	-3.80106E-07	-2.40452E-06	88.9834	-2.45728E-07	-2.14248E-06	1.93955	-1.34378E-07	-2.62041E-07
822	94.4786	-5.95266E-07	-2.33851E-06	92.4083	-3.73473E-07	-2.12262E-06	2.0703	-2.21793E-07	-2.15891E-07
823	97.7242	-8.03031E-07	-2.26415E-06	95.6247	-4.89342E-07	-2.09076E-06	2.0995	-3.1369E-07	-1.73383E-07
824	100.632	-1.00121E-06	-2.18121E-06	98.62	-5.9266E-07	-2.04711E-06	2.01206	-4.08549E-07	-1.34101E-07
825	103.179	-1.18776E-06	-2.08965E-06	101.383	-6.82857E-07	-1.99197E-06	1.79589	-5.049E-07	-9.76852E-08
826	105.347	-1.36081E-06	-1.98958E-06	103.905	-7.59479E-07	-1.92578E-06	1.44193	-6.01334E-07	-6.38044E-08
827	107.121	-1.51875E-06	-1.88127E-06	106.177	-8.22207E-07	-1.84908E-06	0.944	-6.96544E-07	-3.21871E-08
828	108.494	-1.66014E-06	-1.76516E-06	108.196	-8.70851E-07	-1.76251E-06	0.298628	-7.89287E-07	-2.64376E-09
829	109.461	-1.78376E-06	-1.64188E-06	109.956	-9.05366E-07	-1.66681E-06	-0.495102	-8.78397E-07	2.49207E-08
830	110.023	-1.88863E-06	-1.51221E-06	111.459	-9.25847E-07	-1.56274E-06	-1.43576	-9.6278E-07	5.05301E-08
831	110.184	-1.97393E-06	-1.37701E-06	112.704	-9.32531E-07	-1.45113E-06	-2.51976	-1.0414E-06	7.41181E-08
832	109.954	-2.0391E-06	-1.2373E-06	113.695	-9.25798E-07	-1.33286E-06	-3.74148	-1.1133E-06	9.556E-08
833	109.345	-2.08376E-06	-1.09412E-06	114.439	-9.06168E-07	-1.20879E-06	-5.09345	-1.17759E-06	1.14674E-07
834	108.376	-2.10774E-06	-9.48519E-07	114.942	-8.74268E-07	-1.07981E-06	-6.56641	-1.23348E-06	1.3129E-07
835	107.066	-2.11108E-06	-8.01525E-07	115.215	-8.30845E-07	-9.46767E-07	-8.14943	-1.28024E-06	1.45242E-07
836	105.439	-2.09401E-06	-6.5408E-07	115.269	-7.76727E-07	-8.10508E-07	-9.83004	-1.31729E-06	1.56429E-07
837	103.523	-2.05697E-06	-5.06973E-07	115.117	-7.12805E-07	-6.71839E-07	-11.5942	-1.34417E-06	1.64867E-07
838	101.347	-2.00062E-06	-3.60857E-07	114.774	-6.40023E-07	-5.31539E-07	-13.4267	-1.3606E-06	1.70683E-07
839	98.9441	-1.92578E-06	-2.16168E-07	114.255	-5.59336E-07	-3.9034E-07	-15.311	-1.36644E-06	1.74172E-07
840	96.3477	-1.83351E-06	-7.31087E-08	113.577	-4.71708E-07	-2.48937E-07	-17.2293	-1.3618E-06	1.75829E-07
841	93.594	-1.72502E-06	6.83406E-08	112.757	-3.78075E-07	-1.07986E-07	-19.1633	-1.34695E-06	1.76327E-07
842	90.7203	-1.60169E-06	2.08448E-07	111.814	-2.79342E-07	3.19048E-08	-21.0939	-1.32235E-06	1.76543E-07
843	87.7644	-1.46509E-06	3.47689E-07	110.766	-1.76379E-07	1.70163E-07	-23.0014	-1.28872E-06	1.77526E-07
844	84.7646	-1.31687E-06	4.86711E-07	109.631	-6.99925E-08	3.06241E-07	-24.8662	-1.24688E-06	1.8047E-07
845	81.7591	-1.1588E-06	6.26346E-07	108.428	3.9059E-08	4.39644E-07	-26.6688	-1.19785E-06	1.86702E-07
846	78.7855	-9.92687E-07	7.67483E-07	107.175	1.50063E-07	5.69894E-07	-28.3897	-1.14275E-06	1.9759E-07
847	75.8802	-8.20413E-07	9.1107E-07	105.891	2.62357E-07	6.96545E-07	-30.0105	-1.08277E-06	2.14525E-07
848	73.0784	-6.43799E-07	1.05802E-06	104.592	3.75319E-07	8.19179E-07	-31.5135	-1.01912E-06	2.38838E-07
849	70.4131	-4.64667E-07	1.20915E-06	103.295	4.88348E-07	9.37405E-07	-32.8821	-9.53016E-07	2.7175E-07
850	67.915	-2.84741E-07	1.36514E-06	102.016	6.00872E-07	1.05084E-06	-34.1013	-8.85613E-07	3.14295E-07
851	65.6122	-1.05664E-07	1.52644E-06	100.77	7.12321E-07	1.15915E-06	-35.1576	-8.17985E-07	3.6729E-07
852	63.5294	7.10549E-08	1.69321E-06	99.5693	8.22133E-07	1.26197E-06	-36.0399	-7.51078E-07	4.31239E-07
853	61.6878	2.44065E-07	1.86533E-06	98.4267	9.29749E-07	0.000001359	-36.7389	-6.85684E-07	5.06328E-07
854	60.1049	4.12107E-07	2.04234E-06	97.353	1.03459E-06	1.44994E-06	-37.2481	-6.22485E-07	5.92395E-07
855	58.794	5.74142E-07	2.22342E-06	96.3574	1.13611E-06	1.53451E-06	-37.5635	-5.61963E-07	6.88907E-07
856	57.7638	7.29251E-07	2.40734E-06	95.4476	1.23372E-06	1.61242E-06	-37.6839	-5.04468E-07	7.94925E-07
857	57.0187	8.76628E-07	2.59259E-06	94.6298	1.32686E-06	1.68343E-06	-37.6111	-4.50234E-07	9.0916E-07
858	56.5583	1.01564E-06	2.77729E-06	93.9082	1.41499E-06	1.7473E-06	-37.3499	-3.99345E-07	1.02999E-06
859	56.3777	1.14576E-06	2.95927E-06	93.2856	1.49756E-06	1.80381E-06	-36.9079	-3.51806E-07	1.15547E-06
860	56.4671	1.26655E-06	3.13615E-06	92.7626	1.57408E-06	1.85275E-06	-36.2955	-3.07536E-07	1.2834E-06
861	56.8125	1.37766E-06	3.30533E-06	92.3382	1.64409E-06	1.89393E-06	-35.5257	-2.66423E-07	1.4114E-06
862	57.3957	1.47884E-06	3.46413E-06	92.0094	1.70715E-06	1.92718E-06	-34.6136	-2.28309E-07	1.53695E-06
863	58.1946	1.56987E-06	3.60983E-06	91.7712	1.7629E-06	1.95234E-06	-33.5765	-1.93032E-07	1.65749E-06
864	59.1836	1.65061E-06	3.73974E-06	91.6167	1.81104E-06	1.96927E-06	-32.4331	-1.60433E-07	1.77047E-06
865	60.334	1.72094E-06	3.85129E-06	91.5373	1.85131E-06	1.97785E-06	-31.2033	-1.30371E-07	1.87344E-06
866	61.6147	1.78084E-06	3.94211E-06	91.5226	1.88355E-06	1.97796E-06	-29.9078	-1.0271E-07	1.96415E-06
867	62.9926	1.83027E-06	4.01008E-06	91.5603	1.90763E-06	1.96951E-06	-28.5677	-7.7367E-08	2.04057E-06
868	64.4327	1.86927E-06	4.05341E-06	91.6369	1.92353E-06	1.95242E-06	-27.2041	-5.42534E-08	2.10098E-06
869	65.8995	1.89793E-06	4.07064E-06	91.7374	1.93125E-06	1.92663E-06	-25.8379	-3.33155E-08	2.14401E-06
870	67.3566	1.91637E-06	4.06076E-06	91.846	1.93089E-06	1.89208E-06	-24.4894	-1.45198E-08	2.16868E-06
871	68.7676	1.92477E-06	4.02317E-06	91.946	1.92261E-06	1.84874E-06	-23.1784	2.16102E-09	2.17444E-06
872	70.0968	1.92336E-06	3.95772E-06	92.0203	1.90662E-06	1.79659E-06	-21.9235	1.67433E-08	2.16114E-06
873	71.309	1.91241E-06	3.8647E-06	92.0514	1.88317E-06	1.73564E-06	-20.7424	2.92445E-08	2.12906E-06
874	72.3708	1.89228E-06	3.7448E-06	92.0222	1.85259E-06	1.66592E-06	-19.6514	3.96938E-08	2.07888E-06
875	73.2502	1.86334E-06	3.59913E-06	91.9159	1.81522E-06	1.58749E-06	-18.6657	4.81112E-08	2.01165E-06
876	73.9178	1.82599E-06	3.42917E-06	91.7165	1.77147E-06	1.50043E-06	-17.7987	5.45224E-08	1.92874E-06
877	74.3467	1.78073E-06	3.23666E-06	91.4088	1.72174E-06	1.40488E-06	-17.0621	5.89898E-08	1.83178E-06
878	74.5132	1.72806E-06	3.02366E-06	90.9789	1.66649E-06	1.30101E-06	-16.4657	6.15701E-08	1.72265E-06
879	74.397	1.66853E-06	2.79239E-06	90.4142	1.60618E-06	1.18904E-06	-16.0172	6.23484E-08	1.60335E-06
880	73.9821	1.60269E-06	2.54521E-06	89.7038	1.54128E-06	1.06922E-06	-15.7217	6.14062E-08	1.47599E-06
881	73.2561	1.53113E-06	2.2846E-06	88.8382	1.47228E-06	9.41903E-07	-15.5821	5.88516E-08	1.34269E-06
882	72.2116	1.45448E-06	2.01301E-06	87.8099	1.39967E-06	8.07447E-07	-15.5983	5.4813E-08	1.20557E-06
883	70.8457	1.37333E-06	1.73293E-06	86.613	1.32391E-06	6.66293E-07	-15.7673	4.9423E-08	1.06664E-06
884	69.1603	1.28834E-06	1.44674E-06	85.2435	1.24549E-06	5.18927E-07	-16.0832	4.28452E-08	9.27813E-07
885	67.1619	1.20013E-06	1.15673E-06	83.699	1.16487E-06	3.65894E-07	-16.5371	3.5258E-08	7.90839E-07
886	64.8619	1.10934E-06	8.65069E-07	81.979	1.08248E-06	2.07776E-07	-17.1171	2.68669E-08	6.57293E-07
887	62.2761	1.01664E-06	5.7375E-07	80.0846	9.98738E-07	4.52002E-08	-17.8084	1.78971E-08	5.2855E-07
888	59.4244	9.22658E-07	2.84629E-07	78.0181	9.14048E-07	-1.21171E-07	-18.5937	8.61057E-09	4.058E-07
889	56.3302	8.28079E-07	-6.21647E-10	75.7835	8.28772E-07	-2.90647E-07	-19.4533	-6.92767E-10	2.90025E-07
890	53.0202	7.33555E-07	-2.80481E-07	73.3859	7.43244E-07	-4.62514E-07	-20.3657	-9.68896E-09	1.82033E-07
891	49.5235	6.39757E-07	-5.53612E-07	70.8314	6.5777E-07	-6.3605E-07	-21.3079	-1.80125E-08	8.24382E-08
892	45.8709	5.47343E-07	-8.18809E-07	68.1271	5.72619E-07	-8.10513E-07	-22.2562	-2.52761E-08	-8.29655E-09
893	42.0941	4.56952E-07	-1.07503E-06	65.2808	4.88027E-07	-9.85162E-07	-23.1867	-3.10742E-08	-8.98712E-08
894	38.2249	3.69213E-07	-1.32134E-06	62.3007	4.042E-07	-1.15925E-06	-24.0758	-3.49866E-08	-1.62091E-07
895	34.2945	2.84701E-07	-1.55693E-06	59.1957	3.21311E-07	-1.33202E-06	-24.9013	-3.66103E-08	-2.24915E-07
896	30.3323	2.03935E-07	-1.78113E-06	55.9749	2.39505E-07	-1.50273E-06	-25.6427	-3.55704E-08	-2.784E-07
897	26.3655	1.27355E-07	-1.99332E-06	52.6475	1.58902E-07	-1.67061E-06	-26.282	-3.15461E-08	-3.22708E-07
898	22.4184	5.53186E-08	-2.19301E-06	49.2228	7.95983E-08	-1.83491E-06	-26.8043	-2.42797E-08	-3.58092E-07
899	18.5116	-1.19398E-08	-2.37977E-06	45.7101	1.67364E-09	-1.99486E-06	-27.1985	-1.36134E-08	-3.84907E-07
900	14.6617	-7.43186E-08	-2.55327E-06	42.1187	-7.48096E-08	-2.14968E-06	-27.457	4.90913E-10	-4.03593E-07
901	10.8809	-1.31856E-07	-2.71323E-06	38.4576	-1.49802E-07	-2.29856E-06	-27.5768	1.79456E-08	-4.1467E-07
902	7.1769	-1.84741E-07	-2.85944E-06	34.7359	-2.2326E-07	-2.44071E-06	-27.559	3.85194E-08	-4.18731E-07
903	3.55319	-2.33309E-07	-2.99174E-06	30.9622	-2.9515E-07	-2.5753E-06	-27.409	6.18413E-08	-4.16441E-07
904	0.00891969	-2.78066E-07	-0.00000311	27.1453	-3.65448E-07	-2.70148E-06	-27.1364	8.73814E-08	-4.08522E-07
905	-3.46053	-3.1963E-07	-3.21416E-06	23.2935	-4.34126E-07	-2.81841E-06	-26.754	1.14497E-07	-3.9574E-07
906	-6.86301	-3.58753E-07	-3.30412E-06	19.4151	-5.0117E-07	-2.92523E-06	-26.2781	1.42417E-07	-3.78883E-07
907	-10.209	-3.96278E-07	-3.37984E-06	15.5183	-5.66564E-07	-3.02108E-06	-25.7273	1.70285E-07	-3.58761E-07
908	-13.5107	-4.33106E-07	-3.44128E-06	11.6113	-6.30295E-07	-3.1051E-06	-25.122	1.97189E-07	-3.36183E-07
909	-16.7813	-4.70171E-07	-3.48836E-06	7.70219	-6.92357E-07	-3.17644E-06	-24.4835	2.22186E-07	-3.11918E-07
910	-20.0341	-5.08381E-07	-0.000003521	3.79904	-7.52744E-07	-3.23429E-06	-23.8332	2.44363E-07	-2.8671E-07
911	-23.2818	-5.48618E-07	-3.53911E-06	-0.0899614	-8.11457E-07	-3.27785E-06	-23.1918	2.62838E-07	-2.61257E-07
912	-26.5352	-5.91645E-07	-3.54258E-06	-3.95658	-8.68491E-07	-3.30639E-06	-22.5786	2.76846E-07	-2.36194E-07
913	-29.8031	-6.38127E-07	-3.53129E-06	-7.79245	-9.23853E-07	-3.31922E-06	-22.0107	2.85726E-07	-2.12076E-07
914	-33.0913	-6.88554E-07	-3.50511E-06	-11.5892	-9.77543E-07	-3.31571E-06	-21.5022	2.88989E-07	-1.89401E-07
915	-36.4023	-7.43232E-07	-3.46391E-06	-15.3381	-1.02956E-06	-3.29531E-06	-21.0642	2.86327E-07	-1.68594E-07
916	-39.7347	-8.02296E-07	-3.40758E-06	-19.0307	-1.07991E-06	-3.25757E-06	-20.7039	2.77611E-07	-1.50004E-07
917	-43.0834	-8.65643E-07	-3.33605E-06	-22.6584	-1.12858E-06	-3.20212E-06	-20.425	2.62939E-07	-1.33923E-07
918	-46.4395	-9.32984E-07	-3.24927E-06	-26.2124	-1.17558E-06	-3.12869E-06	-20.2271	2.42598E-07	-1.20582E-07
919	-49.7903	-1.00382E-06	-3.14727E-06	-29.6842	-1.2209E-06	-3.03711E-06	-20.1061	2.17079E-07	-1.10152E-07
920	-53.1198	-1.07747E-06	-3.0301E-06	-33.0655	-1.26453E-06	-2.92734E-06	-20.0543	1.87057E-07	-1.02751E-07
921	-56.4091	-1.15311E-06	-2.89791E-06	-36.3481	-1.30646E-06	-2.79945E-06	-20.061	1.53343E-07	-9.8453E-08
922	-59.6367	-1.22977E-06	-2.75092E-06	-39.5244	-1.34667E-06	-2.65364E-06	-20.1123	1.16897E-07	-9.72774E-08
923	-62.7796	-1.30641E-06	-2.58941E-06	-42.587	-1.38516E-06	-2.49022E-06	-20.1926	7.87481E-08	-9.91936E-08
924	-65.8133	-1.38195E-06	-2.41375E-06	-45.5293	-1.42192E-06	-2.30963E-06	-20.284	3.99743E-08	-1.04112E-07
925	-68.7133	-1.45528E-06	-2.22434E-06	-48.3453	-1.45695E-06	-2.11247E-06	-20.368	1.6769E-09	-1.1187E-07
926	-71.4549	-1.52534E-06	-2.02171E-06	-51.0298	-1.49027E-06	-1.89945E-06	-20.4251	-3.5073E-08	-1.22256E-07
927	-74.0145	-1.59116E-06	-1.80636E-06	-53.5784	-1.52189E-06	-1.67141E-06	-20.4361	-6.92642E-08	-1.34952E-07
928	-76.37	-1.65185E-06	-1.57891E-06	-55.9878	-1.55188E-06	-1.42934E-06	-20.3822	-9.99757E-08	-1.49573E-07
929	-78.5012	-1.70669E-06	-0.00000134	-58.2556	-1.58029E-06	-1.17435E-06	-20.2455	-1.26406E-07	-1.65654E-07
930	-80.3905	-1.75512E-06	-1.09034E-06	-60.3805	-1.60724E-06	-9.07701E-07	-20.01	-1.47883E-07	-1.82638E-07
931	-82.0231	-1.79673E-06	-8.30662E-07	-62.362	-1.63286E-06	-6.30771E-07	-19.6611	-1.63875E-07	-1.99891E-07
932	-83.3876	-1.83134E-06	-5.61774E-07	-64.2008	-1.65733E-06	-3.45065E-07	-19.1868	-1.74012E-07	-2.16709E-07
933	-84.4759	-1.85894E-06	-2.84535E-07	-65.8986	-1.68087E-06	-5.22045E-08	-18.5773	-1.78068E-07	-2.32331E-07
934	-85.2836	-1.87972E-06	1.19617E-10	-67.4577	-1.70374E-06	2.46079E-07	-17.8259	-1.75976E-07	-2.4596E-07
935	-85.8098	-1.89405E-06	2.91186E-07	-68.8815	-1.72625E-06	5.47961E-07	-16.9283	-1.67798E-07	-2.56775E-07
936	-86.0575	-1.90249E-06	5.8755E-07	-70.1738	-1.74876E-06	8.51528E-07	-15.8836	-1.53729E-07	-2.63977E-07
937	-86.033	-1.90572E-06	8.88004E-07	-71.3392	-1.77163E-06	1.15481E-06	-14.6938	-1.34087E-07	-2.66802E-07
938	-85.7462	-1.90458E-06	1.19124E-06	-72.3825	-1.79529E-06	1.45577E-06	-13.3637	-1.09282E-07	-2.64532E-07
939	-85.2099	-1.90001E-06	1.49584E-06	-73.3088	-1.8202E-06	1.75238E-06	-11.9011	-7.98145E-08	-2.56541E-07
940	-84.44	-1.89304E-06	1.80024E-06	-74.1235	-1.84679E-06	2.04257E-06	-10.3165	-4.62547E-08	-2.42334E-07
941	-83.4548	-1.88477E-06	2.10279E-06	-74.832	-1.87554E-06	2.32432E-06	-8.62277	-9.22956E-09	-2.21537E-07
942	-82.2746	-1.87634E-06	2.40173E-06	-75.4397	-1.90693E-06	2.59565E-06	-6.8349	3.05845E-08	-1.93919E-07
943	-80.9213	-1.86888E-06	2.69522E-06	-75.9517	-1.94137E-06	2.85464E-06	-4.96961	7.24959E-08	-1.59416E-07
944	-79.418	-1.86355E-06	2.98134E-06	-76.3731	-1.97931E-06	3.09948E-06	-3.04486	1.15759E-07	-1.18146E-07
945	-77.7884	-1.86148E-06	3.25813E-06	-76.7089	-2.02112E-06	3.3285E-06	-1.07945	1.59641E-07	-7.03648E-08
946	-76.056	-1.86373E-06	3.52362E-06	-76.9637	-2.06714E-06	3.54014E-06	0.907623	2.03403E-07	-1.6524E-08
947	-74.2443	-1.87131E-06	3.77584E-06	-77.1419	-2.11761E-06	3.73305E-06	2.89761	2.46308E-07	4.27949E-08
948	-72.3753	-1.88516E-06	4.01293E-06	-77.2479	-2.17277E-06	3.90604E-06	4.87262	2.8761E-07	1.0689E-07
949	-70.4698	-1.90609E-06	4.23303E-06	-77.2859	-2.23271E-06	4.05812E-06	6.81612	3.26614E-07	1.74909E-07
950	-68.5467	-1.93485E-06	4.43447E-06	-77.2601	-2.29749E-06	4.18853E-06	8.71341	3.62632E-07	2.45943E-07
951	-66.6225	-1.97204E-06	4.61571E-06	-77.1746	-2.36706E-06	4.2967E-06	10.5521	3.95021E-07	3.19012E-07
952	-64.7114	-2.01816E-06	4.77538E-06	-77.0338	-2.44132E-06	4.38228E-06	12.3223	4.2316E-07	3.93093E-07
953	-62.8247	-2.07352E-06	4.9123E-06	-76.8419	-2.52004E-06	4.44515E-06	14.0172	4.46523E-07	4.67143E-07
954	-60.9709	-2.13834E-06	5.02553E-06	-76.6037	-2.60296E-06	4.48538E-06	15.6327	4.64625E-07	5.40146E-07
955	-59.1557	-2.21267E-06	5.11434E-06	-76.3237	-2.68974E-06	4.50323E-06	17.1679	4.77063E-07	6.11106E-07
956	-57.3823	-2.29641E-06	5.17821E-06	-76.0069	-2.77996E-06	4.49914E-06	18.6246	4.83549E-07	6.79077E-07
957	-55.6512	-2.38929E-06	5.21686E-06	-75.6584	-2.87318E-06	4.4737E-06	20.0073	4.83896E-07	7.43161E-07
958	-53.9609	-2.49088E-06	5.23021E-06	-75.2834	-2.96892E-06	4.42767E-06	21.3225	4.78042E-07	8.0254E-07
959	-52.3081	-2.60058E-06	5.21837E-06	-74.8869	-3.06666E-06	4.36192E-06	22.5788	4.66084E-07	8.56452E-07
960	-50.6885	-2.71762E-06	5.18161E-06	-74.474	-3.16588E-06	4.27742E-06	23.7856	4.4826E-07	9.0419E-07
961	-49.0964	-2.84109E-06	5.12038E-06	-74.0495	-3.26606E-06	4.17525E-06	24.9531	4.24978E-07	9.45133E-07
962	-47.5263	-2.96988E-06	5.03525E-06	-73.6176	-3.3667E-06	4.05654E-06	26.0912	3.96823E-07	9.78707E-07
963	-45.9726	-3.10276E-06	4.92692E-06	-73.182	-3.4673E-06	3.92252E-06	27.2094	3.64541E-07	1.00439E-06
964	-44.4301	-3.23837E-06	4.79618E-06	-72.7457	-3.56741E-06	3.77445E-06	28.3156	3.29037E-07	1.02173E-06
965	-42.8949	-3.37523E-06	4.64393E-06	-72.3108	-3.6666E-06	3.61363E-06	29.4159	2.91371E-07	1.0303E-06
966	-41.3639	-3.51177E-06	4.47116E-06	-71.8784	-3.76448E-06	3.4414E-06	30.5144	2.52704E-07	1.02975E-06
967	-39.8359	-3.6464E-06	4.27895E-06	-71.4484	-3.86069E-06	3.25915E-06	31.6125	2.14295E-07	1.0198E-06
968	-38.3107	-3.7775E-06	4.06849E-06	-71.0198	-3.95493E-06	3.06826E-06	32.7091	1.77426E-07	1.00023E-06
969	-36.7902	-3.90349E-06	3.84102E-06	-70.5905	-4.04688E-06	2.87012E-06	33.8003	1.43394E-07	9.70901E-07
970	-35.2773	-4.02288E-06	3.59797E-06	-70.1571	-4.13629E-06	2.66618E-06	34.8797	1.13412E-07	9.31792E-07
971	-33.7767	-4.13428E-06	3.3408E-06	-69.7155	-4.2229E-06	2.45783E-06	35.9389	8.86173E-08	8.82976E-07
972	-32.2938	-4.23651E-06	3.07115E-06	-69.261	-4.30646E-06	2.24649E-06	36.9671	6.99486E-08	8.24661E-07
973	-30.8354	-4.32856E-06	2.79075E-06	-68.7879	-4.38673E-06	2.03357E-06	37.9525	5.81651E-08	7.5718E-07
974	-29.4086	-4.40967E-06	2.50147E-06	-68.2905	-4.46344E-06	1.82045E-06	38.8819	5.37758E-08	6.81021E-07
975	-28.0211	-4.47932E-06	2.20528E-06	-67.7628	-4.53634E-06	1.60848E-06	39.7416	5.70184E-08	5.96802E-07
976	-26.6807	-4.53726E-06	1.90424E-06	-67.1988	-4.60512E-06	1.39898E-06	40.5181	6.7861E-08	5.05259E-07
977	-25.3948	-4.58352E-06	1.60051E-06	-66.5929	-4.6695E-06	1.19322E-06	41.1981	8.59849E-08	4.07288E-07
978	-24.171	-4.61832E-06	1.29627E-06	-65.9401	-4.72914E-06	9.92415E-07	41.7691	1.1082E-07	3.03855E-07
979	-23.0159	-4.64215E-06	9.93777E-07	-65.2356	-4.78371E-06	7.97728E-07	42.2197	1.41557E-07	1.96049E-07
980	-21.9357	-4.65564E-06	6.95257E-07	-64.476	-4.83284E-06	6.10249E-07	42.5403	1.77202E-07	8.50077E-08
981	-20.9356	-4.65957E-06	4.02888E-07	-63.6583	-4.87618E-06	4.30985E-07	42.7227	2.1661E-07	-2.80973E-08
982	-20.0202	-4.65481E-06	1.18826E-07	-62.7807	-4.91337E-06	2.60883E-07	42.7605	2.58566E-07	-1.42057E-07
983	-19.1928	-4.64224E-06	-1.549E-07	-61.8423	-4.94406E-06	1.00791E-07	42.6495	3.01822E-07	-2.55691E-07
984	-18.456	-4.62272E-06	-4.16357E-07	-60.8433	-4.9679E-06	-4.85181E-08	42.3873	3.45185E-07	-3.67839E-07
985	-17.811	-4.59706E-06	-6.63769E-07	-59.7845	-4.98459E-06	-1.86363E-07	41.9736	3.87528E-07	-4.77405E-07
986	-17.2581	-4.56595E-06	-8.95491E-07	-58.668	-4.99384E-06	-3.12144E-07	41.4099	4.2789E-07	-5.83347E-07
987	-16.7966	-4.52991E-06	-1.11005E-06	-57.4964	-4.9954E-06	-4.25339E-07	40.6998	4.65492E-07	-6.84707E-07
988	-16.4244	-4.48933E-06	-1.30614E-06	-56.2728	-4.98909E-06	-5.25521E-07	39.8485	4.99759E-07	-7.80618E-07
989	-16.1382	-4.44439E-06	-1.48265E-06	-55.0012	-4.97475E-06	-6.12342E-07	38.8629	5.3036E-07	-8.70308E-07
990	-15.934	-4.39509E-06	-1.63861E-06	-53.6854	-4.95228E-06	-6.8553E-07	37.7514	5.57188E-07	-9.5308E-07
991	-15.8061	-4.34127E-06	-1.77324E-06	-52.3299	-4.92165E-06	-7.44906E-07	36.5238	5.8038E-07	-1.02834E-06
992	-15.748	-4.28259E-06	-1.88591E-06	-50.939	-4.88286E-06	-7.90364E-07	35.1909	6.00275E-07	-1.09555E-06
993	-15.7522	-4.21861E-06	-1.97615E-06	-49.5167	-0.000004836	-8.21886E-07	33.7646	6.17386E-07	-1.15426E-06
994	-15.8098	-4.14879E-06	-2.04364E-06	-48.0672	-4.78118E-06	-8.39543E-07	32.2574	6.32386E-07	-1.2041E-06
995	-15.9113	-4.07253E-06	-2.0882E-06	-46.594	-4.71857E-06	-8.43486E-07	30.6827	6.46037E-07	-1.24471E-06
996	-16.0463	-3.98925E-06	-2.10983E-06	-45.1002	-4.64841E-06	-8.3397E-07	29.0539	6.59154E-07	-1.27586E-06
997	-16.2036	-3.89841E-06	-2.10868E-06	-43.5884	-4.57096E-06	-8.11341E-07	27.3849	6.7255E-07	-1.29734E-06
998	-16.3712	-3.79953E-06	-2.08503E-06	-42.0607	-4.48654E-06	-7.76046E-07	25.6895	6.8701E-07	-1.30899E-06
999	-16.537	-3.69228E-06	-2.03937E-06	-40.5184	-4.39551E-06	-7.28626E-07	23.9814	7.03227E-07	-1.31074E-06
1000	-16.6883	-3.57649E-06	-1.97238E-06	-38.9624	-4.29826E-06	-6.69742E-07	22.2741	7.2177E-07	-1.30264E-06
